level,puzzle_id,clues,logical_steps,hardest_technique,nakedSingle,hiddenSingle,lockedCandidates,nakedPair,hiddenPair,nakedTriple,skyscraper,xWing,swordfish
beginner,1,38,43,nakedSingle,43,0,0,0,0,0,0,0,0
beginner,2,38,43,nakedSingle,43,0,0,0,0,0,0,0,0
beginner,3,38,43,nakedSingle,43,0,0,0,0,0,0,0,0
beginner,4,38,43,nakedSingle,43,0,0,0,0,0,0,0,0
beginner,5,38,43,nakedSingle,43,0,0,0,0,0,0,0,0
beginner,6,38,43,nakedSingle,43,0,0,0,0,0,0,0,0
beginner,7,38,43,nakedSingle,43,0,0,0,0,0,0,0,0
beginner,8,38,43,nakedSingle,43,0,0,0,0,0,0,0,0
beginner,9,38,43,nakedSingle,43,0,0,0,0,0,0,0,0
beginner,10,38,43,nakedSingle,43,0,0,0,0,0,0,0,0
beginner,11,38,43,nakedSingle,43,0,0,0,0,0,0,0,0
beginner,12,38,43,nakedSingle,43,0,0,0,0,0,0,0,0
beginner,13,38,43,nakedSingle,43,0,0,0,0,0,0,0,0
beginner,14,39,42,nakedSingle,42,0,0,0,0,0,0,0,0
beginner,15,38,43,nakedSingle,43,0,0,0,0,0,0,0,0
beginner,16,38,43,nakedSingle,43,0,0,0,0,0,0,0,0
beginner,17,38,43,nakedSingle,43,0,0,0,0,0,0,0,0
beginner,18,38,43,nakedSingle,43,0,0,0,0,0,0,0,0
beginner,19,38,43,nakedSingle,43,0,0,0,0,0,0,0,0
beginner,20,38,43,nakedSingle,43,0,0,0,0,0,0,0,0
beginner,21,38,43,nakedSingle,43,0,0,0,0,0,0,0,0
beginner,22,38,43,nakedSingle,43,0,0,0,0,0,0,0,0
beginner,23,38,43,nakedSingle,43,0,0,0,0,0,0,0,0
beginner,24,38,43,nakedSingle,43,0,0,0,0,0,0,0,0
beginner,25,38,43,nakedSingle,43,0,0,0,0,0,0,0,0
beginner,26,38,43,nakedSingle,43,0,0,0,0,0,0,0,0
beginner,27,38,43,nakedSingle,43,0,0,0,0,0,0,0,0
beginner,28,38,43,nakedSingle,43,0,0,0,0,0,0,0,0
beginner,29,39,42,nakedSingle,42,0,0,0,0,0,0,0,0
beginner,30,38,43,nakedSingle,43,0,0,0,0,0,0,0,0
beginner,31,38,43,nakedSingle,43,0,0,0,0,0,0,0,0
beginner,32,38,43,nakedSingle,43,0,0,0,0,0,0,0,0
beginner,33,38,43,nakedSingle,43,0,0,0,0,0,0,0,0
beginner,34,38,43,nakedSingle,43,0,0,0,0,0,0,0,0
beginner,35,38,43,nakedSingle,43,0,0,0,0,0,0,0,0
beginner,36,38,43,nakedSingle,43,0,0,0,0,0,0,0,0
beginner,37,38,43,nakedSingle,43,0,0,0,0,0,0,0,0
beginner,38,38,43,nakedSingle,43,0,0,0,0,0,0,0,0
beginner,39,38,43,nakedSingle,43,0,0,0,0,0,0,0,0
beginner,40,38,43,nakedSingle,43,0,0,0,0,0,0,0,0
beginner,41,38,43,nakedSingle,43,0,0,0,0,0,0,0,0
beginner,42,38,43,nakedSingle,43,0,0,0,0,0,0,0,0
beginner,43,38,43,nakedSingle,43,0,0,0,0,0,0,0,0
beginner,44,38,43,nakedSingle,43,0,0,0,0,0,0,0,0
beginner,45,38,43,nakedSingle,43,0,0,0,0,0,0,0,0
beginner,46,38,43,nakedSingle,43,0,0,0,0,0,0,0,0
beginner,47,38,43,nakedSingle,43,0,0,0,0,0,0,0,0
beginner,48,38,43,nakedSingle,43,0,0,0,0,0,0,0,0
beginner,49,38,43,nakedSingle,43,0,0,0,0,0,0,0,0
beginner,50,38,43,nakedSingle,43,0,0,0,0,0,0,0,0
beginner,51,38,43,nakedSingle,43,0,0,0,0,0,0,0,0
beginner,52,38,43,nakedSingle,43,0,0,0,0,0,0,0,0
beginner,53,38,43,nakedSingle,43,0,0,0,0,0,0,0,0
beginner,54,38,43,nakedSingle,43,0,0,0,0,0,0,0,0
beginner,55,38,43,nakedSingle,43,0,0,0,0,0,0,0,0
beginner,56,38,43,nakedSingle,43,0,0,0,0,0,0,0,0
beginner,57,38,43,nakedSingle,43,0,0,0,0,0,0,0,0
beginner,58,38,43,nakedSingle,43,0,0,0,0,0,0,0,0
beginner,59,38,43,nakedSingle,43,0,0,0,0,0,0,0,0
beginner,60,38,43,nakedSingle,43,0,0,0,0,0,0,0,0
beginner,61,38,43,nakedSingle,43,0,0,0,0,0,0,0,0
beginner,62,38,43,nakedSingle,43,0,0,0,0,0,0,0,0
beginner,63,38,43,nakedSingle,43,0,0,0,0,0,0,0,0
beginner,64,38,43,nakedSingle,43,0,0,0,0,0,0,0,0
beginner,65,38,43,nakedSingle,43,0,0,0,0,0,0,0,0
beginner,66,38,43,nakedSingle,43,0,0,0,0,0,0,0,0
beginner,67,38,43,nakedSingle,43,0,0,0,0,0,0,0,0
beginner,68,38,43,nakedSingle,43,0,0,0,0,0,0,0,0
beginner,69,38,43,nakedSingle,43,0,0,0,0,0,0,0,0
beginner,70,38,43,nakedSingle,43,0,0,0,0,0,0,0,0
beginner,71,38,43,nakedSingle,43,0,0,0,0,0,0,0,0
beginner,72,38,43,nakedSingle,43,0,0,0,0,0,0,0,0
beginner,73,39,42,nakedSingle,42,0,0,0,0,0,0,0,0
beginner,74,38,43,nakedSingle,43,0,0,0,0,0,0,0,0
beginner,75,38,43,nakedSingle,43,0,0,0,0,0,0,0,0
beginner,76,38,43,nakedSingle,43,0,0,0,0,0,0,0,0
beginner,77,39,42,nakedSingle,42,0,0,0,0,0,0,0,0
beginner,78,38,43,nakedSingle,43,0,0,0,0,0,0,0,0
beginner,79,38,43,nakedSingle,43,0,0,0,0,0,0,0,0
beginner,80,38,43,nakedSingle,43,0,0,0,0,0,0,0,0
beginner,81,38,43,nakedSingle,43,0,0,0,0,0,0,0,0
beginner,82,38,43,nakedSingle,43,0,0,0,0,0,0,0,0
beginner,83,38,43,nakedSingle,43,0,0,0,0,0,0,0,0
beginner,84,38,43,nakedSingle,43,0,0,0,0,0,0,0,0
beginner,85,38,43,nakedSingle,43,0,0,0,0,0,0,0,0
beginner,86,38,43,nakedSingle,43,0,0,0,0,0,0,0,0
beginner,87,38,43,nakedSingle,43,0,0,0,0,0,0,0,0
beginner,88,38,43,nakedSingle,43,0,0,0,0,0,0,0,0
beginner,89,38,43,nakedSingle,43,0,0,0,0,0,0,0,0
beginner,90,38,43,nakedSingle,43,0,0,0,0,0,0,0,0
beginner,91,38,43,nakedSingle,43,0,0,0,0,0,0,0,0
beginner,92,38,43,nakedSingle,43,0,0,0,0,0,0,0,0
beginner,93,38,43,nakedSingle,43,0,0,0,0,0,0,0,0
beginner,94,38,43,nakedSingle,43,0,0,0,0,0,0,0,0
beginner,95,38,43,nakedSingle,43,0,0,0,0,0,0,0,0
beginner,96,38,43,nakedSingle,43,0,0,0,0,0,0,0,0
beginner,97,38,43,nakedSingle,43,0,0,0,0,0,0,0,0
beginner,98,38,43,nakedSingle,43,0,0,0,0,0,0,0,0
beginner,99,38,43,nakedSingle,43,0,0,0,0,0,0,0,0
beginner,100,38,43,nakedSingle,43,0,0,0,0,0,0,0,0
beginner,101,38,43,hiddenSingle,42,1,0,0,0,0,0,0,0
beginner,102,38,43,nakedSingle,43,0,0,0,0,0,0,0,0
beginner,103,38,43,hiddenSingle,41,2,0,0,0,0,0,0,0
beginner,104,38,43,nakedSingle,43,0,0,0,0,0,0,0,0
beginner,105,38,43,nakedSingle,43,0,0,0,0,0,0,0,0
beginner,106,39,42,nakedSingle,42,0,0,0,0,0,0,0,0
beginner,107,38,43,nakedSingle,43,0,0,0,0,0,0,0,0
beginner,108,38,43,nakedSingle,43,0,0,0,0,0,0,0,0
beginner,109,38,43,nakedSingle,43,0,0,0,0,0,0,0,0
beginner,110,38,43,nakedSingle,43,0,0,0,0,0,0,0,0
beginner,111,38,43,nakedSingle,43,0,0,0,0,0,0,0,0
beginner,112,39,42,nakedSingle,42,0,0,0,0,0,0,0,0
beginner,113,38,43,nakedSingle,43,0,0,0,0,0,0,0,0
beginner,114,38,43,nakedSingle,43,0,0,0,0,0,0,0,0
beginner,115,38,43,nakedSingle,43,0,0,0,0,0,0,0,0
beginner,116,38,43,nakedSingle,43,0,0,0,0,0,0,0,0
beginner,117,38,43,nakedSingle,43,0,0,0,0,0,0,0,0
beginner,118,38,43,nakedSingle,43,0,0,0,0,0,0,0,0
beginner,119,38,43,hiddenSingle,42,1,0,0,0,0,0,0,0
beginner,120,38,43,nakedSingle,43,0,0,0,0,0,0,0,0
beginner,121,38,43,nakedSingle,43,0,0,0,0,0,0,0,0
beginner,122,38,43,hiddenSingle,34,9,0,0,0,0,0,0,0
beginner,123,38,43,nakedSingle,43,0,0,0,0,0,0,0,0
beginner,124,38,43,nakedSingle,43,0,0,0,0,0,0,0,0
beginner,125,38,43,nakedSingle,43,0,0,0,0,0,0,0,0
beginner,126,38,43,nakedSingle,43,0,0,0,0,0,0,0,0
beginner,127,38,43,nakedSingle,43,0,0,0,0,0,0,0,0
beginner,128,38,43,nakedSingle,43,0,0,0,0,0,0,0,0
beginner,129,38,43,nakedSingle,43,0,0,0,0,0,0,0,0
beginner,130,38,43,nakedSingle,43,0,0,0,0,0,0,0,0
beginner,131,39,42,nakedSingle,42,0,0,0,0,0,0,0,0
beginner,132,38,43,nakedSingle,43,0,0,0,0,0,0,0,0
beginner,133,38,43,nakedSingle,43,0,0,0,0,0,0,0,0
beginner,134,38,43,nakedSingle,43,0,0,0,0,0,0,0,0
beginner,135,38,43,nakedSingle,43,0,0,0,0,0,0,0,0
beginner,136,38,43,nakedSingle,43,0,0,0,0,0,0,0,0
beginner,137,38,43,nakedSingle,43,0,0,0,0,0,0,0,0
beginner,138,38,43,nakedSingle,43,0,0,0,0,0,0,0,0
beginner,139,38,43,nakedSingle,43,0,0,0,0,0,0,0,0
beginner,140,38,43,nakedSingle,43,0,0,0,0,0,0,0,0
beginner,141,38,43,nakedSingle,43,0,0,0,0,0,0,0,0
beginner,142,38,43,nakedSingle,43,0,0,0,0,0,0,0,0
beginner,143,39,42,nakedSingle,42,0,0,0,0,0,0,0,0
beginner,144,38,43,nakedSingle,43,0,0,0,0,0,0,0,0
beginner,145,39,42,nakedSingle,42,0,0,0,0,0,0,0,0
beginner,146,38,43,nakedSingle,43,0,0,0,0,0,0,0,0
beginner,147,38,43,nakedSingle,43,0,0,0,0,0,0,0,0
beginner,148,38,43,nakedSingle,43,0,0,0,0,0,0,0,0
beginner,149,38,43,nakedSingle,43,0,0,0,0,0,0,0,0
beginner,150,39,42,hiddenSingle,41,1,0,0,0,0,0,0,0
beginner,151,38,43,nakedSingle,43,0,0,0,0,0,0,0,0
beginner,152,38,43,nakedSingle,43,0,0,0,0,0,0,0,0
beginner,153,38,43,nakedSingle,43,0,0,0,0,0,0,0,0
beginner,154,38,43,nakedSingle,43,0,0,0,0,0,0,0,0
beginner,155,38,43,nakedSingle,43,0,0,0,0,0,0,0,0
beginner,156,38,43,nakedSingle,43,0,0,0,0,0,0,0,0
beginner,157,38,43,hiddenSingle,41,2,0,0,0,0,0,0,0
beginner,158,38,43,nakedSingle,43,0,0,0,0,0,0,0,0
beginner,159,38,43,nakedSingle,43,0,0,0,0,0,0,0,0
beginner,160,38,43,nakedSingle,43,0,0,0,0,0,0,0,0
beginner,161,38,43,nakedSingle,43,0,0,0,0,0,0,0,0
beginner,162,38,43,hiddenSingle,40,3,0,0,0,0,0,0,0
beginner,163,38,43,nakedSingle,43,0,0,0,0,0,0,0,0
beginner,164,38,43,nakedSingle,43,0,0,0,0,0,0,0,0
beginner,165,38,43,nakedSingle,43,0,0,0,0,0,0,0,0
beginner,166,38,43,nakedSingle,43,0,0,0,0,0,0,0,0
beginner,167,38,43,nakedSingle,43,0,0,0,0,0,0,0,0
beginner,168,38,43,nakedSingle,43,0,0,0,0,0,0,0,0
beginner,169,38,43,nakedSingle,43,0,0,0,0,0,0,0,0
beginner,170,38,43,nakedSingle,43,0,0,0,0,0,0,0,0
beginner,171,38,43,nakedSingle,43,0,0,0,0,0,0,0,0
beginner,172,38,43,nakedSingle,43,0,0,0,0,0,0,0,0
beginner,173,38,43,nakedSingle,43,0,0,0,0,0,0,0,0
beginner,174,38,43,nakedSingle,43,0,0,0,0,0,0,0,0
beginner,175,38,43,hiddenSingle,40,3,0,0,0,0,0,0,0
beginner,176,38,43,nakedSingle,43,0,0,0,0,0,0,0,0
beginner,177,38,43,nakedSingle,43,0,0,0,0,0,0,0,0
beginner,178,38,43,nakedSingle,43,0,0,0,0,0,0,0,0
beginner,179,38,43,nakedSingle,43,0,0,0,0,0,0,0,0
beginner,180,38,43,nakedSingle,43,0,0,0,0,0,0,0,0
beginner,181,38,43,nakedSingle,43,0,0,0,0,0,0,0,0
beginner,182,38,43,nakedSingle,43,0,0,0,0,0,0,0,0
beginner,183,39,42,nakedSingle,42,0,0,0,0,0,0,0,0
beginner,184,38,43,nakedSingle,43,0,0,0,0,0,0,0,0
beginner,185,38,43,nakedSingle,43,0,0,0,0,0,0,0,0
beginner,186,38,43,nakedSingle,43,0,0,0,0,0,0,0,0
beginner,187,38,43,nakedSingle,43,0,0,0,0,0,0,0,0
beginner,188,38,43,nakedSingle,43,0,0,0,0,0,0,0,0
beginner,189,38,43,nakedSingle,43,0,0,0,0,0,0,0,0
beginner,190,38,43,nakedSingle,43,0,0,0,0,0,0,0,0
beginner,191,38,43,nakedSingle,43,0,0,0,0,0,0,0,0
beginner,192,38,43,nakedSingle,43,0,0,0,0,0,0,0,0
beginner,193,39,42,nakedSingle,42,0,0,0,0,0,0,0,0
beginner,194,38,43,hiddenSingle,38,5,0,0,0,0,0,0,0
beginner,195,38,43,nakedSingle,43,0,0,0,0,0,0,0,0
beginner,196,38,43,nakedSingle,43,0,0,0,0,0,0,0,0
beginner,197,38,43,nakedSingle,43,0,0,0,0,0,0,0,0
beginner,198,38,43,nakedSingle,43,0,0,0,0,0,0,0,0
beginner,199,38,43,nakedSingle,43,0,0,0,0,0,0,0,0
beginner,200,38,43,nakedSingle,43,0,0,0,0,0,0,0,0
beginner,201,38,43,nakedSingle,43,0,0,0,0,0,0,0,0
beginner,202,38,43,nakedSingle,43,0,0,0,0,0,0,0,0
beginner,203,38,43,nakedSingle,43,0,0,0,0,0,0,0,0
beginner,204,38,43,nakedSingle,43,0,0,0,0,0,0,0,0
beginner,205,38,43,nakedSingle,43,0,0,0,0,0,0,0,0
beginner,206,38,43,nakedSingle,43,0,0,0,0,0,0,0,0
beginner,207,38,43,hiddenSingle,38,5,0,0,0,0,0,0,0
beginner,208,38,43,nakedSingle,43,0,0,0,0,0,0,0,0
beginner,209,38,43,nakedSingle,43,0,0,0,0,0,0,0,0
beginner,210,39,42,nakedSingle,42,0,0,0,0,0,0,0,0
beginner,211,39,42,nakedSingle,42,0,0,0,0,0,0,0,0
beginner,212,38,43,nakedSingle,43,0,0,0,0,0,0,0,0
beginner,213,38,43,nakedSingle,43,0,0,0,0,0,0,0,0
beginner,214,38,43,nakedSingle,43,0,0,0,0,0,0,0,0
beginner,215,38,43,nakedSingle,43,0,0,0,0,0,0,0,0
beginner,216,38,43,nakedSingle,43,0,0,0,0,0,0,0,0
beginner,217,38,43,nakedSingle,43,0,0,0,0,0,0,0,0
beginner,218,38,43,nakedSingle,43,0,0,0,0,0,0,0,0
beginner,219,38,43,nakedSingle,43,0,0,0,0,0,0,0,0
beginner,220,39,42,nakedSingle,42,0,0,0,0,0,0,0,0
beginner,221,38,43,nakedSingle,43,0,0,0,0,0,0,0,0
beginner,222,38,43,nakedSingle,43,0,0,0,0,0,0,0,0
beginner,223,38,43,nakedSingle,43,0,0,0,0,0,0,0,0
beginner,224,38,43,nakedSingle,43,0,0,0,0,0,0,0,0
beginner,225,39,42,nakedSingle,42,0,0,0,0,0,0,0,0
beginner,226,38,43,hiddenSingle,40,3,0,0,0,0,0,0,0
beginner,227,38,43,nakedSingle,43,0,0,0,0,0,0,0,0
beginner,228,38,43,nakedSingle,43,0,0,0,0,0,0,0,0
beginner,229,38,43,nakedSingle,43,0,0,0,0,0,0,0,0
beginner,230,38,43,nakedSingle,43,0,0,0,0,0,0,0,0
beginner,231,38,43,nakedSingle,43,0,0,0,0,0,0,0,0
beginner,232,38,43,hiddenSingle,33,10,0,0,0,0,0,0,0
beginner,233,38,43,nakedSingle,43,0,0,0,0,0,0,0,0
beginner,234,38,43,nakedSingle,43,0,0,0,0,0,0,0,0
beginner,235,38,43,nakedSingle,43,0,0,0,0,0,0,0,0
beginner,236,38,43,nakedSingle,43,0,0,0,0,0,0,0,0
beginner,237,38,43,nakedSingle,43,0,0,0,0,0,0,0,0
beginner,238,38,43,hiddenSingle,40,3,0,0,0,0,0,0,0
beginner,239,38,43,nakedSingle,43,0,0,0,0,0,0,0,0
beginner,240,38,43,nakedSingle,43,0,0,0,0,0,0,0,0
beginner,241,38,43,nakedSingle,43,0,0,0,0,0,0,0,0
beginner,242,38,43,nakedSingle,43,0,0,0,0,0,0,0,0
beginner,243,38,43,nakedSingle,43,0,0,0,0,0,0,0,0
beginner,244,38,43,nakedSingle,43,0,0,0,0,0,0,0,0
beginner,245,38,43,nakedSingle,43,0,0,0,0,0,0,0,0
beginner,246,38,43,nakedSingle,43,0,0,0,0,0,0,0,0
beginner,247,38,43,hiddenSingle,41,2,0,0,0,0,0,0,0
beginner,248,38,43,hiddenSingle,39,4,0,0,0,0,0,0,0
beginner,249,39,42,nakedSingle,42,0,0,0,0,0,0,0,0
beginner,250,38,43,nakedSingle,43,0,0,0,0,0,0,0,0
beginner,251,38,43,nakedSingle,43,0,0,0,0,0,0,0,0
beginner,252,38,43,nakedSingle,43,0,0,0,0,0,0,0,0
beginner,253,38,43,nakedSingle,43,0,0,0,0,0,0,0,0
beginner,254,38,43,nakedSingle,43,0,0,0,0,0,0,0,0
beginner,255,38,43,nakedSingle,43,0,0,0,0,0,0,0,0
beginner,256,38,43,nakedSingle,43,0,0,0,0,0,0,0,0
beginner,257,38,43,nakedSingle,43,0,0,0,0,0,0,0,0
beginner,258,38,43,nakedSingle,43,0,0,0,0,0,0,0,0
beginner,259,38,43,nakedSingle,43,0,0,0,0,0,0,0,0
beginner,260,38,43,nakedSingle,43,0,0,0,0,0,0,0,0
beginner,261,38,43,nakedSingle,43,0,0,0,0,0,0,0,0
beginner,262,39,42,nakedSingle,42,0,0,0,0,0,0,0,0
beginner,263,38,43,nakedSingle,43,0,0,0,0,0,0,0,0
beginner,264,38,43,nakedSingle,43,0,0,0,0,0,0,0,0
beginner,265,38,43,nakedSingle,43,0,0,0,0,0,0,0,0
beginner,266,38,43,nakedSingle,43,0,0,0,0,0,0,0,0
beginner,267,38,43,nakedSingle,43,0,0,0,0,0,0,0,0
beginner,268,38,43,nakedSingle,43,0,0,0,0,0,0,0,0
beginner,269,38,43,nakedSingle,43,0,0,0,0,0,0,0,0
beginner,270,38,43,nakedSingle,43,0,0,0,0,0,0,0,0
beginner,271,39,42,nakedSingle,42,0,0,0,0,0,0,0,0
beginner,272,39,42,nakedSingle,42,0,0,0,0,0,0,0,0
beginner,273,38,43,nakedSingle,43,0,0,0,0,0,0,0,0
beginner,274,38,43,nakedSingle,43,0,0,0,0,0,0,0,0
beginner,275,38,43,nakedSingle,43,0,0,0,0,0,0,0,0
beginner,276,38,43,nakedSingle,43,0,0,0,0,0,0,0,0
beginner,277,38,43,nakedSingle,43,0,0,0,0,0,0,0,0
beginner,278,38,43,nakedSingle,43,0,0,0,0,0,0,0,0
beginner,279,38,43,nakedSingle,43,0,0,0,0,0,0,0,0
beginner,280,38,43,hiddenSingle,42,1,0,0,0,0,0,0,0
beginner,281,39,42,nakedSingle,42,0,0,0,0,0,0,0,0
beginner,282,39,42,nakedSingle,42,0,0,0,0,0,0,0,0
beginner,283,38,43,nakedSingle,43,0,0,0,0,0,0,0,0
beginner,284,38,43,nakedSingle,43,0,0,0,0,0,0,0,0
beginner,285,38,43,nakedSingle,43,0,0,0,0,0,0,0,0
beginner,286,38,43,nakedSingle,43,0,0,0,0,0,0,0,0
beginner,287,38,43,nakedSingle,43,0,0,0,0,0,0,0,0
beginner,288,38,43,nakedSingle,43,0,0,0,0,0,0,0,0
beginner,289,38,43,nakedSingle,43,0,0,0,0,0,0,0,0
beginner,290,38,43,nakedSingle,43,0,0,0,0,0,0,0,0
beginner,291,38,43,nakedSingle,43,0,0,0,0,0,0,0,0
beginner,292,38,43,nakedSingle,43,0,0,0,0,0,0,0,0
beginner,293,38,43,nakedSingle,43,0,0,0,0,0,0,0,0
beginner,294,38,43,nakedSingle,43,0,0,0,0,0,0,0,0
beginner,295,38,43,nakedSingle,43,0,0,0,0,0,0,0,0
beginner,296,38,43,nakedSingle,43,0,0,0,0,0,0,0,0
beginner,297,38,43,nakedSingle,43,0,0,0,0,0,0,0,0
beginner,298,38,43,nakedSingle,43,0,0,0,0,0,0,0,0
beginner,299,39,42,nakedSingle,42,0,0,0,0,0,0,0,0
beginner,300,38,43,nakedSingle,43,0,0,0,0,0,0,0,0
beginner,301,38,43,nakedSingle,43,0,0,0,0,0,0,0,0
beginner,302,38,43,nakedSingle,43,0,0,0,0,0,0,0,0
beginner,303,38,43,hiddenSingle,40,3,0,0,0,0,0,0,0
beginner,304,38,43,nakedSingle,43,0,0,0,0,0,0,0,0
beginner,305,38,43,nakedSingle,43,0,0,0,0,0,0,0,0
beginner,306,38,43,nakedSingle,43,0,0,0,0,0,0,0,0
beginner,307,38,43,nakedSingle,43,0,0,0,0,0,0,0,0
beginner,308,38,43,nakedSingle,43,0,0,0,0,0,0,0,0
beginner,309,38,43,nakedSingle,43,0,0,0,0,0,0,0,0
beginner,310,38,43,nakedSingle,43,0,0,0,0,0,0,0,0
beginner,311,39,42,nakedSingle,42,0,0,0,0,0,0,0,0
beginner,312,38,43,nakedSingle,43,0,0,0,0,0,0,0,0
beginner,313,38,43,nakedSingle,43,0,0,0,0,0,0,0,0
beginner,314,38,43,nakedSingle,43,0,0,0,0,0,0,0,0
beginner,315,38,43,nakedSingle,43,0,0,0,0,0,0,0,0
beginner,316,38,43,nakedSingle,43,0,0,0,0,0,0,0,0
beginner,317,38,43,nakedSingle,43,0,0,0,0,0,0,0,0
beginner,318,38,43,nakedSingle,43,0,0,0,0,0,0,0,0
beginner,319,38,43,nakedSingle,43,0,0,0,0,0,0,0,0
beginner,320,38,43,nakedSingle,43,0,0,0,0,0,0,0,0
beginner,321,38,43,nakedSingle,43,0,0,0,0,0,0,0,0
beginner,322,38,43,nakedSingle,43,0,0,0,0,0,0,0,0
beginner,323,38,43,nakedSingle,43,0,0,0,0,0,0,0,0
beginner,324,38,43,nakedSingle,43,0,0,0,0,0,0,0,0
beginner,325,38,43,nakedSingle,43,0,0,0,0,0,0,0,0
beginner,326,38,43,nakedSingle,43,0,0,0,0,0,0,0,0
beginner,327,38,43,nakedSingle,43,0,0,0,0,0,0,0,0
beginner,328,38,43,nakedSingle,43,0,0,0,0,0,0,0,0
beginner,329,38,43,hiddenSingle,38,5,0,0,0,0,0,0,0
beginner,330,38,43,nakedSingle,43,0,0,0,0,0,0,0,0
beginner,331,38,43,nakedSingle,43,0,0,0,0,0,0,0,0
beginner,332,38,43,nakedSingle,43,0,0,0,0,0,0,0,0
beginner,333,38,43,nakedSingle,43,0,0,0,0,0,0,0,0
beginner,334,38,43,nakedSingle,43,0,0,0,0,0,0,0,0
beginner,335,38,43,nakedSingle,43,0,0,0,0,0,0,0,0
beginner,336,38,43,nakedSingle,43,0,0,0,0,0,0,0,0
beginner,337,38,43,nakedSingle,43,0,0,0,0,0,0,0,0
beginner,338,38,43,nakedSingle,43,0,0,0,0,0,0,0,0
beginner,339,38,43,nakedSingle,43,0,0,0,0,0,0,0,0
beginner,340,38,43,nakedSingle,43,0,0,0,0,0,0,0,0
beginner,341,38,43,nakedSingle,43,0,0,0,0,0,0,0,0
beginner,342,38,43,hiddenSingle,35,8,0,0,0,0,0,0,0
beginner,343,38,43,hiddenSingle,41,2,0,0,0,0,0,0,0
beginner,344,38,43,nakedSingle,43,0,0,0,0,0,0,0,0
beginner,345,38,43,hiddenSingle,41,2,0,0,0,0,0,0,0
beginner,346,38,43,nakedSingle,43,0,0,0,0,0,0,0,0
beginner,347,38,43,nakedSingle,43,0,0,0,0,0,0,0,0
beginner,348,38,43,nakedSingle,43,0,0,0,0,0,0,0,0
beginner,349,38,43,nakedSingle,43,0,0,0,0,0,0,0,0
beginner,350,38,43,nakedSingle,43,0,0,0,0,0,0,0,0
beginner,351,38,43,nakedSingle,43,0,0,0,0,0,0,0,0
beginner,352,38,43,nakedSingle,43,0,0,0,0,0,0,0,0
beginner,353,38,43,nakedSingle,43,0,0,0,0,0,0,0,0
beginner,354,38,43,nakedSingle,43,0,0,0,0,0,0,0,0
beginner,355,38,43,hiddenSingle,36,7,0,0,0,0,0,0,0
beginner,356,38,43,nakedSingle,43,0,0,0,0,0,0,0,0
beginner,357,38,43,nakedSingle,43,0,0,0,0,0,0,0,0
beginner,358,39,42,nakedSingle,42,0,0,0,0,0,0,0,0
beginner,359,39,42,nakedSingle,42,0,0,0,0,0,0,0,0
beginner,360,38,43,nakedSingle,43,0,0,0,0,0,0,0,0
beginner,361,39,42,nakedSingle,42,0,0,0,0,0,0,0,0
beginner,362,38,43,nakedSingle,43,0,0,0,0,0,0,0,0
beginner,363,38,43,nakedSingle,43,0,0,0,0,0,0,0,0
beginner,364,38,43,nakedSingle,43,0,0,0,0,0,0,0,0
beginner,365,38,43,nakedSingle,43,0,0,0,0,0,0,0,0
beginner,366,38,43,nakedSingle,43,0,0,0,0,0,0,0,0
beginner,367,38,43,nakedSingle,43,0,0,0,0,0,0,0,0
beginner,368,38,43,nakedSingle,43,0,0,0,0,0,0,0,0
beginner,369,39,42,nakedSingle,42,0,0,0,0,0,0,0,0
beginner,370,38,43,nakedSingle,43,0,0,0,0,0,0,0,0
beginner,371,39,42,nakedSingle,42,0,0,0,0,0,0,0,0
beginner,372,38,43,nakedSingle,43,0,0,0,0,0,0,0,0
beginner,373,38,43,nakedSingle,43,0,0,0,0,0,0,0,0
beginner,374,38,43,nakedSingle,43,0,0,0,0,0,0,0,0
beginner,375,38,43,nakedSingle,43,0,0,0,0,0,0,0,0
beginner,376,38,43,nakedSingle,43,0,0,0,0,0,0,0,0
beginner,377,38,43,nakedSingle,43,0,0,0,0,0,0,0,0
beginner,378,38,43,nakedSingle,43,0,0,0,0,0,0,0,0
beginner,379,38,43,nakedSingle,43,0,0,0,0,0,0,0,0
beginner,380,38,43,nakedSingle,43,0,0,0,0,0,0,0,0
beginner,381,38,43,hiddenSingle,41,2,0,0,0,0,0,0,0
beginner,382,38,43,nakedSingle,43,0,0,0,0,0,0,0,0
beginner,383,38,43,nakedSingle,43,0,0,0,0,0,0,0,0
beginner,384,38,43,nakedSingle,43,0,0,0,0,0,0,0,0
beginner,385,38,43,nakedSingle,43,0,0,0,0,0,0,0,0
beginner,386,38,43,nakedSingle,43,0,0,0,0,0,0,0,0
beginner,387,38,43,nakedSingle,43,0,0,0,0,0,0,0,0
beginner,388,38,43,nakedSingle,43,0,0,0,0,0,0,0,0
beginner,389,38,43,nakedSingle,43,0,0,0,0,0,0,0,0
beginner,390,38,43,nakedSingle,43,0,0,0,0,0,0,0,0
beginner,391,38,43,nakedSingle,43,0,0,0,0,0,0,0,0
beginner,392,38,43,nakedSingle,43,0,0,0,0,0,0,0,0
beginner,393,38,43,nakedSingle,43,0,0,0,0,0,0,0,0
beginner,394,38,43,nakedSingle,43,0,0,0,0,0,0,0,0
beginner,395,38,43,nakedSingle,43,0,0,0,0,0,0,0,0
beginner,396,38,43,nakedSingle,43,0,0,0,0,0,0,0,0
beginner,397,38,43,nakedSingle,43,0,0,0,0,0,0,0,0
beginner,398,38,43,hiddenSingle,39,4,0,0,0,0,0,0,0
beginner,399,38,43,hiddenSingle,35,8,0,0,0,0,0,0,0
beginner,400,38,43,nakedSingle,43,0,0,0,0,0,0,0,0
beginner,401,38,43,nakedSingle,43,0,0,0,0,0,0,0,0
beginner,402,38,43,nakedSingle,43,0,0,0,0,0,0,0,0
beginner,403,38,43,nakedSingle,43,0,0,0,0,0,0,0,0
beginner,404,38,43,nakedSingle,43,0,0,0,0,0,0,0,0
beginner,405,38,43,nakedSingle,43,0,0,0,0,0,0,0,0
beginner,406,38,43,nakedSingle,43,0,0,0,0,0,0,0,0
beginner,407,38,43,nakedSingle,43,0,0,0,0,0,0,0,0
beginner,408,39,42,nakedSingle,42,0,0,0,0,0,0,0,0
beginner,409,38,43,nakedSingle,43,0,0,0,0,0,0,0,0
beginner,410,38,43,nakedSingle,43,0,0,0,0,0,0,0,0
beginner,411,38,43,nakedSingle,43,0,0,0,0,0,0,0,0
beginner,412,38,43,nakedSingle,43,0,0,0,0,0,0,0,0
beginner,413,38,43,nakedSingle,43,0,0,0,0,0,0,0,0
beginner,414,38,43,nakedSingle,43,0,0,0,0,0,0,0,0
beginner,415,38,43,nakedSingle,43,0,0,0,0,0,0,0,0
beginner,416,39,42,nakedSingle,42,0,0,0,0,0,0,0,0
beginner,417,38,43,hiddenSingle,36,7,0,0,0,0,0,0,0
beginner,418,38,43,nakedSingle,43,0,0,0,0,0,0,0,0
beginner,419,38,43,nakedSingle,43,0,0,0,0,0,0,0,0
beginner,420,38,43,nakedSingle,43,0,0,0,0,0,0,0,0
beginner,421,38,43,nakedSingle,43,0,0,0,0,0,0,0,0
beginner,422,38,43,hiddenSingle,38,5,0,0,0,0,0,0,0
beginner,423,38,43,nakedSingle,43,0,0,0,0,0,0,0,0
beginner,424,38,43,nakedSingle,43,0,0,0,0,0,0,0,0
beginner,425,38,43,nakedSingle,43,0,0,0,0,0,0,0,0
beginner,426,38,43,nakedSingle,43,0,0,0,0,0,0,0,0
beginner,427,38,43,nakedSingle,43,0,0,0,0,0,0,0,0
beginner,428,38,43,nakedSingle,43,0,0,0,0,0,0,0,0
beginner,429,38,43,nakedSingle,43,0,0,0,0,0,0,0,0
beginner,430,38,43,nakedSingle,43,0,0,0,0,0,0,0,0
beginner,431,38,43,nakedSingle,43,0,0,0,0,0,0,0,0
beginner,432,39,42,nakedSingle,42,0,0,0,0,0,0,0,0
beginner,433,38,43,nakedSingle,43,0,0,0,0,0,0,0,0
beginner,434,38,43,nakedSingle,43,0,0,0,0,0,0,0,0
beginner,435,38,43,nakedSingle,43,0,0,0,0,0,0,0,0
beginner,436,39,42,nakedSingle,42,0,0,0,0,0,0,0,0
beginner,437,38,43,nakedSingle,43,0,0,0,0,0,0,0,0
beginner,438,38,43,nakedSingle,43,0,0,0,0,0,0,0,0
beginner,439,38,43,nakedSingle,43,0,0,0,0,0,0,0,0
beginner,440,38,43,nakedSingle,43,0,0,0,0,0,0,0,0
beginner,441,38,43,nakedSingle,43,0,0,0,0,0,0,0,0
beginner,442,38,43,nakedSingle,43,0,0,0,0,0,0,0,0
beginner,443,38,43,nakedSingle,43,0,0,0,0,0,0,0,0
beginner,444,38,43,nakedSingle,43,0,0,0,0,0,0,0,0
beginner,445,38,43,nakedSingle,43,0,0,0,0,0,0,0,0
beginner,446,38,43,nakedSingle,43,0,0,0,0,0,0,0,0
beginner,447,38,43,nakedSingle,43,0,0,0,0,0,0,0,0
beginner,448,38,43,nakedSingle,43,0,0,0,0,0,0,0,0
beginner,449,38,43,nakedSingle,43,0,0,0,0,0,0,0,0
beginner,450,38,43,nakedSingle,43,0,0,0,0,0,0,0,0
beginner,451,38,43,nakedSingle,43,0,0,0,0,0,0,0,0
beginner,452,38,43,nakedSingle,43,0,0,0,0,0,0,0,0
beginner,453,39,42,nakedSingle,42,0,0,0,0,0,0,0,0
beginner,454,38,43,nakedSingle,43,0,0,0,0,0,0,0,0
beginner,455,38,43,nakedSingle,43,0,0,0,0,0,0,0,0
beginner,456,38,43,nakedSingle,43,0,0,0,0,0,0,0,0
beginner,457,38,43,nakedSingle,43,0,0,0,0,0,0,0,0
beginner,458,38,43,nakedSingle,43,0,0,0,0,0,0,0,0
beginner,459,38,43,nakedSingle,43,0,0,0,0,0,0,0,0
beginner,460,38,43,nakedSingle,43,0,0,0,0,0,0,0,0
beginner,461,38,43,nakedSingle,43,0,0,0,0,0,0,0,0
beginner,462,38,43,nakedSingle,43,0,0,0,0,0,0,0,0
beginner,463,38,43,nakedSingle,43,0,0,0,0,0,0,0,0
beginner,464,38,43,nakedSingle,43,0,0,0,0,0,0,0,0
beginner,465,38,43,nakedSingle,43,0,0,0,0,0,0,0,0
beginner,466,38,43,nakedSingle,43,0,0,0,0,0,0,0,0
beginner,467,38,43,nakedSingle,43,0,0,0,0,0,0,0,0
beginner,468,38,43,nakedSingle,43,0,0,0,0,0,0,0,0
beginner,469,38,43,nakedSingle,43,0,0,0,0,0,0,0,0
beginner,470,38,43,nakedSingle,43,0,0,0,0,0,0,0,0
beginner,471,38,43,nakedSingle,43,0,0,0,0,0,0,0,0
beginner,472,38,43,nakedSingle,43,0,0,0,0,0,0,0,0
beginner,473,38,43,nakedSingle,43,0,0,0,0,0,0,0,0
beginner,474,38,43,nakedSingle,43,0,0,0,0,0,0,0,0
beginner,475,38,43,nakedSingle,43,0,0,0,0,0,0,0,0
beginner,476,38,43,nakedSingle,43,0,0,0,0,0,0,0,0
beginner,477,38,43,nakedSingle,43,0,0,0,0,0,0,0,0
beginner,478,38,43,nakedSingle,43,0,0,0,0,0,0,0,0
beginner,479,38,43,nakedSingle,43,0,0,0,0,0,0,0,0
beginner,480,38,43,nakedSingle,43,0,0,0,0,0,0,0,0
beginner,481,38,43,nakedSingle,43,0,0,0,0,0,0,0,0
beginner,482,38,43,nakedSingle,43,0,0,0,0,0,0,0,0
beginner,483,38,43,nakedSingle,43,0,0,0,0,0,0,0,0
beginner,484,38,43,nakedSingle,43,0,0,0,0,0,0,0,0
beginner,485,38,43,nakedSingle,43,0,0,0,0,0,0,0,0
beginner,486,38,43,nakedSingle,43,0,0,0,0,0,0,0,0
beginner,487,38,43,nakedSingle,43,0,0,0,0,0,0,0,0
beginner,488,38,43,nakedSingle,43,0,0,0,0,0,0,0,0
beginner,489,38,43,nakedSingle,43,0,0,0,0,0,0,0,0
beginner,490,38,43,nakedSingle,43,0,0,0,0,0,0,0,0
beginner,491,38,43,nakedSingle,43,0,0,0,0,0,0,0,0
beginner,492,38,43,nakedSingle,43,0,0,0,0,0,0,0,0
beginner,493,38,43,nakedSingle,43,0,0,0,0,0,0,0,0
beginner,494,38,43,nakedSingle,43,0,0,0,0,0,0,0,0
beginner,495,38,43,nakedSingle,43,0,0,0,0,0,0,0,0
beginner,496,38,43,nakedSingle,43,0,0,0,0,0,0,0,0
beginner,497,38,43,nakedSingle,43,0,0,0,0,0,0,0,0
beginner,498,38,43,nakedSingle,43,0,0,0,0,0,0,0,0
beginner,499,38,43,nakedSingle,43,0,0,0,0,0,0,0,0
beginner,500,38,43,nakedSingle,43,0,0,0,0,0,0,0,0
beginner,501,38,43,nakedSingle,43,0,0,0,0,0,0,0,0
beginner,502,39,42,nakedSingle,42,0,0,0,0,0,0,0,0
beginner,503,38,43,nakedSingle,43,0,0,0,0,0,0,0,0
beginner,504,39,42,nakedSingle,42,0,0,0,0,0,0,0,0
beginner,505,38,43,hiddenSingle,36,7,0,0,0,0,0,0,0
beginner,506,38,43,nakedSingle,43,0,0,0,0,0,0,0,0
beginner,507,38,43,nakedSingle,43,0,0,0,0,0,0,0,0
beginner,508,38,43,nakedSingle,43,0,0,0,0,0,0,0,0
beginner,509,38,43,nakedSingle,43,0,0,0,0,0,0,0,0
beginner,510,38,43,hiddenSingle,40,3,0,0,0,0,0,0,0
beginner,511,38,43,nakedSingle,43,0,0,0,0,0,0,0,0
beginner,512,39,42,nakedSingle,42,0,0,0,0,0,0,0,0
beginner,513,38,43,nakedSingle,43,0,0,0,0,0,0,0,0
beginner,514,38,43,nakedSingle,43,0,0,0,0,0,0,0,0
beginner,515,38,43,nakedSingle,43,0,0,0,0,0,0,0,0
beginner,516,38,43,nakedSingle,43,0,0,0,0,0,0,0,0
beginner,517,39,42,nakedSingle,42,0,0,0,0,0,0,0,0
beginner,518,39,42,nakedSingle,42,0,0,0,0,0,0,0,0
beginner,519,38,43,nakedSingle,43,0,0,0,0,0,0,0,0
beginner,520,38,43,nakedSingle,43,0,0,0,0,0,0,0,0
beginner,521,38,43,nakedSingle,43,0,0,0,0,0,0,0,0
beginner,522,38,43,nakedSingle,43,0,0,0,0,0,0,0,0
beginner,523,38,43,nakedSingle,43,0,0,0,0,0,0,0,0
beginner,524,38,43,nakedSingle,43,0,0,0,0,0,0,0,0
beginner,525,38,43,nakedSingle,43,0,0,0,0,0,0,0,0
beginner,526,38,43,nakedSingle,43,0,0,0,0,0,0,0,0
beginner,527,38,43,nakedSingle,43,0,0,0,0,0,0,0,0
beginner,528,38,43,nakedSingle,43,0,0,0,0,0,0,0,0
beginner,529,38,43,nakedSingle,43,0,0,0,0,0,0,0,0
beginner,530,38,43,nakedSingle,43,0,0,0,0,0,0,0,0
beginner,531,38,43,nakedSingle,43,0,0,0,0,0,0,0,0
beginner,532,38,43,nakedSingle,43,0,0,0,0,0,0,0,0
beginner,533,38,43,nakedSingle,43,0,0,0,0,0,0,0,0
beginner,534,38,43,nakedSingle,43,0,0,0,0,0,0,0,0
beginner,535,38,43,nakedSingle,43,0,0,0,0,0,0,0,0
beginner,536,38,43,nakedSingle,43,0,0,0,0,0,0,0,0
beginner,537,38,43,nakedSingle,43,0,0,0,0,0,0,0,0
beginner,538,39,42,nakedSingle,42,0,0,0,0,0,0,0,0
beginner,539,38,43,nakedSingle,43,0,0,0,0,0,0,0,0
beginner,540,38,43,hiddenSingle,39,4,0,0,0,0,0,0,0
beginner,541,39,42,nakedSingle,42,0,0,0,0,0,0,0,0
beginner,542,39,42,hiddenSingle,38,4,0,0,0,0,0,0,0
beginner,543,38,43,nakedSingle,43,0,0,0,0,0,0,0,0
beginner,544,38,43,nakedSingle,43,0,0,0,0,0,0,0,0
beginner,545,38,43,nakedSingle,43,0,0,0,0,0,0,0,0
beginner,546,39,42,nakedSingle,42,0,0,0,0,0,0,0,0
beginner,547,38,43,nakedSingle,43,0,0,0,0,0,0,0,0
beginner,548,38,43,nakedSingle,43,0,0,0,0,0,0,0,0
beginner,549,38,43,nakedSingle,43,0,0,0,0,0,0,0,0
beginner,550,38,43,nakedSingle,43,0,0,0,0,0,0,0,0
beginner,551,38,43,nakedSingle,43,0,0,0,0,0,0,0,0
beginner,552,38,43,nakedSingle,43,0,0,0,0,0,0,0,0
beginner,553,38,43,nakedSingle,43,0,0,0,0,0,0,0,0
beginner,554,38,43,nakedSingle,43,0,0,0,0,0,0,0,0
beginner,555,38,43,nakedSingle,43,0,0,0,0,0,0,0,0
beginner,556,38,43,nakedSingle,43,0,0,0,0,0,0,0,0
beginner,557,39,42,nakedSingle,42,0,0,0,0,0,0,0,0
beginner,558,38,43,hiddenSingle,37,6,0,0,0,0,0,0,0
beginner,559,38,43,nakedSingle,43,0,0,0,0,0,0,0,0
beginner,560,38,43,nakedSingle,43,0,0,0,0,0,0,0,0
beginner,561,38,43,hiddenSingle,38,5,0,0,0,0,0,0,0
beginner,562,38,43,nakedSingle,43,0,0,0,0,0,0,0,0
beginner,563,38,43,nakedSingle,43,0,0,0,0,0,0,0,0
beginner,564,38,43,nakedSingle,43,0,0,0,0,0,0,0,0
beginner,565,38,43,nakedSingle,43,0,0,0,0,0,0,0,0
beginner,566,38,43,nakedSingle,43,0,0,0,0,0,0,0,0
beginner,567,38,43,nakedSingle,43,0,0,0,0,0,0,0,0
beginner,568,38,43,hiddenSingle,36,7,0,0,0,0,0,0,0
beginner,569,38,43,nakedSingle,43,0,0,0,0,0,0,0,0
beginner,570,38,43,nakedSingle,43,0,0,0,0,0,0,0,0
beginner,571,39,42,nakedSingle,42,0,0,0,0,0,0,0,0
beginner,572,38,43,nakedSingle,43,0,0,0,0,0,0,0,0
beginner,573,38,43,nakedSingle,43,0,0,0,0,0,0,0,0
beginner,574,38,43,nakedSingle,43,0,0,0,0,0,0,0,0
beginner,575,38,43,nakedSingle,43,0,0,0,0,0,0,0,0
beginner,576,38,43,nakedSingle,43,0,0,0,0,0,0,0,0
beginner,577,38,43,nakedSingle,43,0,0,0,0,0,0,0,0
beginner,578,38,43,nakedSingle,43,0,0,0,0,0,0,0,0
beginner,579,38,43,nakedSingle,43,0,0,0,0,0,0,0,0
beginner,580,38,43,nakedSingle,43,0,0,0,0,0,0,0,0
beginner,581,38,43,nakedSingle,43,0,0,0,0,0,0,0,0
beginner,582,38,43,nakedSingle,43,0,0,0,0,0,0,0,0
beginner,583,38,43,hiddenSingle,40,3,0,0,0,0,0,0,0
beginner,584,38,43,nakedSingle,43,0,0,0,0,0,0,0,0
beginner,585,38,43,nakedSingle,43,0,0,0,0,0,0,0,0
beginner,586,38,43,nakedSingle,43,0,0,0,0,0,0,0,0
beginner,587,38,43,nakedSingle,43,0,0,0,0,0,0,0,0
beginner,588,38,43,nakedSingle,43,0,0,0,0,0,0,0,0
beginner,589,38,43,nakedSingle,43,0,0,0,0,0,0,0,0
beginner,590,38,43,nakedSingle,43,0,0,0,0,0,0,0,0
beginner,591,38,43,nakedSingle,43,0,0,0,0,0,0,0,0
beginner,592,38,43,nakedSingle,43,0,0,0,0,0,0,0,0
beginner,593,38,43,nakedSingle,43,0,0,0,0,0,0,0,0
beginner,594,38,43,nakedSingle,43,0,0,0,0,0,0,0,0
beginner,595,38,43,nakedSingle,43,0,0,0,0,0,0,0,0
beginner,596,38,43,nakedSingle,43,0,0,0,0,0,0,0,0
beginner,597,38,43,nakedSingle,43,0,0,0,0,0,0,0,0
beginner,598,38,43,nakedSingle,43,0,0,0,0,0,0,0,0
beginner,599,38,43,nakedSingle,43,0,0,0,0,0,0,0,0
beginner,600,38,43,nakedSingle,43,0,0,0,0,0,0,0,0
beginner,601,39,42,nakedSingle,42,0,0,0,0,0,0,0,0
beginner,602,38,43,nakedSingle,43,0,0,0,0,0,0,0,0
beginner,603,38,43,nakedSingle,43,0,0,0,0,0,0,0,0
beginner,604,39,42,nakedSingle,42,0,0,0,0,0,0,0,0
beginner,605,38,43,nakedSingle,43,0,0,0,0,0,0,0,0
beginner,606,38,43,nakedSingle,43,0,0,0,0,0,0,0,0
beginner,607,38,43,nakedSingle,43,0,0,0,0,0,0,0,0
beginner,608,38,43,nakedSingle,43,0,0,0,0,0,0,0,0
beginner,609,38,43,nakedSingle,43,0,0,0,0,0,0,0,0
beginner,610,38,43,nakedSingle,43,0,0,0,0,0,0,0,0
beginner,611,38,43,nakedSingle,43,0,0,0,0,0,0,0,0
beginner,612,38,43,nakedSingle,43,0,0,0,0,0,0,0,0
beginner,613,38,43,nakedSingle,43,0,0,0,0,0,0,0,0
beginner,614,38,43,nakedSingle,43,0,0,0,0,0,0,0,0
beginner,615,38,43,nakedSingle,43,0,0,0,0,0,0,0,0
beginner,616,38,43,nakedSingle,43,0,0,0,0,0,0,0,0
beginner,617,38,43,nakedSingle,43,0,0,0,0,0,0,0,0
beginner,618,39,42,nakedSingle,42,0,0,0,0,0,0,0,0
beginner,619,38,43,nakedSingle,43,0,0,0,0,0,0,0,0
beginner,620,38,43,nakedSingle,43,0,0,0,0,0,0,0,0
beginner,621,38,43,nakedSingle,43,0,0,0,0,0,0,0,0
beginner,622,39,42,nakedSingle,42,0,0,0,0,0,0,0,0
beginner,623,38,43,nakedSingle,43,0,0,0,0,0,0,0,0
beginner,624,38,43,nakedSingle,43,0,0,0,0,0,0,0,0
beginner,625,38,43,nakedSingle,43,0,0,0,0,0,0,0,0
beginner,626,38,43,nakedSingle,43,0,0,0,0,0,0,0,0
beginner,627,38,43,nakedSingle,43,0,0,0,0,0,0,0,0
beginner,628,38,43,nakedSingle,43,0,0,0,0,0,0,0,0
beginner,629,38,43,nakedSingle,43,0,0,0,0,0,0,0,0
beginner,630,38,43,nakedSingle,43,0,0,0,0,0,0,0,0
beginner,631,38,43,nakedSingle,43,0,0,0,0,0,0,0,0
beginner,632,38,43,nakedSingle,43,0,0,0,0,0,0,0,0
beginner,633,38,43,nakedSingle,43,0,0,0,0,0,0,0,0
beginner,634,38,43,nakedSingle,43,0,0,0,0,0,0,0,0
beginner,635,38,43,nakedSingle,43,0,0,0,0,0,0,0,0
beginner,636,38,43,nakedSingle,43,0,0,0,0,0,0,0,0
beginner,637,38,43,nakedSingle,43,0,0,0,0,0,0,0,0
beginner,638,39,42,nakedSingle,42,0,0,0,0,0,0,0,0
beginner,639,38,43,nakedSingle,43,0,0,0,0,0,0,0,0
beginner,640,38,43,nakedSingle,43,0,0,0,0,0,0,0,0
beginner,641,38,43,nakedSingle,43,0,0,0,0,0,0,0,0
beginner,642,38,43,nakedSingle,43,0,0,0,0,0,0,0,0
beginner,643,38,43,hiddenSingle,42,1,0,0,0,0,0,0,0
beginner,644,38,43,nakedSingle,43,0,0,0,0,0,0,0,0
beginner,645,38,43,nakedSingle,43,0,0,0,0,0,0,0,0
beginner,646,38,43,nakedSingle,43,0,0,0,0,0,0,0,0
beginner,647,38,43,nakedSingle,43,0,0,0,0,0,0,0,0
beginner,648,38,43,nakedSingle,43,0,0,0,0,0,0,0,0
beginner,649,38,43,nakedSingle,43,0,0,0,0,0,0,0,0
beginner,650,38,43,hiddenSingle,41,2,0,0,0,0,0,0,0
beginner,651,38,43,nakedSingle,43,0,0,0,0,0,0,0,0
beginner,652,38,43,nakedSingle,43,0,0,0,0,0,0,0,0
beginner,653,38,43,nakedSingle,43,0,0,0,0,0,0,0,0
beginner,654,38,43,nakedSingle,43,0,0,0,0,0,0,0,0
beginner,655,38,43,nakedSingle,43,0,0,0,0,0,0,0,0
beginner,656,38,43,nakedSingle,43,0,0,0,0,0,0,0,0
beginner,657,38,43,nakedSingle,43,0,0,0,0,0,0,0,0
beginner,658,38,43,nakedSingle,43,0,0,0,0,0,0,0,0
beginner,659,38,43,nakedSingle,43,0,0,0,0,0,0,0,0
beginner,660,38,43,nakedSingle,43,0,0,0,0,0,0,0,0
beginner,661,38,43,nakedSingle,43,0,0,0,0,0,0,0,0
beginner,662,38,43,nakedSingle,43,0,0,0,0,0,0,0,0
beginner,663,38,43,nakedSingle,43,0,0,0,0,0,0,0,0
beginner,664,38,43,nakedSingle,43,0,0,0,0,0,0,0,0
beginner,665,38,43,nakedSingle,43,0,0,0,0,0,0,0,0
beginner,666,39,42,nakedSingle,42,0,0,0,0,0,0,0,0
beginner,667,38,43,nakedSingle,43,0,0,0,0,0,0,0,0
beginner,668,38,43,nakedSingle,43,0,0,0,0,0,0,0,0
beginner,669,38,43,nakedSingle,43,0,0,0,0,0,0,0,0
beginner,670,38,43,nakedSingle,43,0,0,0,0,0,0,0,0
beginner,671,38,43,nakedSingle,43,0,0,0,0,0,0,0,0
beginner,672,38,43,nakedSingle,43,0,0,0,0,0,0,0,0
beginner,673,38,43,nakedSingle,43,0,0,0,0,0,0,0,0
beginner,674,38,43,nakedSingle,43,0,0,0,0,0,0,0,0
beginner,675,38,43,nakedSingle,43,0,0,0,0,0,0,0,0
beginner,676,38,43,nakedSingle,43,0,0,0,0,0,0,0,0
beginner,677,38,43,nakedSingle,43,0,0,0,0,0,0,0,0
beginner,678,38,43,nakedSingle,43,0,0,0,0,0,0,0,0
beginner,679,38,43,nakedSingle,43,0,0,0,0,0,0,0,0
beginner,680,38,43,nakedSingle,43,0,0,0,0,0,0,0,0
beginner,681,38,43,nakedSingle,43,0,0,0,0,0,0,0,0
beginner,682,38,43,nakedSingle,43,0,0,0,0,0,0,0,0
beginner,683,38,43,nakedSingle,43,0,0,0,0,0,0,0,0
beginner,684,38,43,nakedSingle,43,0,0,0,0,0,0,0,0
beginner,685,38,43,nakedSingle,43,0,0,0,0,0,0,0,0
beginner,686,38,43,hiddenSingle,35,8,0,0,0,0,0,0,0
beginner,687,38,43,nakedSingle,43,0,0,0,0,0,0,0,0
beginner,688,39,42,nakedSingle,42,0,0,0,0,0,0,0,0
beginner,689,38,43,nakedSingle,43,0,0,0,0,0,0,0,0
beginner,690,38,43,nakedSingle,43,0,0,0,0,0,0,0,0
beginner,691,38,43,nakedSingle,43,0,0,0,0,0,0,0,0
beginner,692,38,43,nakedSingle,43,0,0,0,0,0,0,0,0
beginner,693,39,42,nakedSingle,42,0,0,0,0,0,0,0,0
beginner,694,38,43,nakedSingle,43,0,0,0,0,0,0,0,0
beginner,695,38,43,nakedSingle,43,0,0,0,0,0,0,0,0
beginner,696,38,43,nakedSingle,43,0,0,0,0,0,0,0,0
beginner,697,38,43,nakedSingle,43,0,0,0,0,0,0,0,0
beginner,698,38,43,nakedSingle,43,0,0,0,0,0,0,0,0
beginner,699,38,43,nakedSingle,43,0,0,0,0,0,0,0,0
beginner,700,38,43,nakedSingle,43,0,0,0,0,0,0,0,0
beginner,701,38,43,nakedSingle,43,0,0,0,0,0,0,0,0
beginner,702,38,43,nakedSingle,43,0,0,0,0,0,0,0,0
beginner,703,38,43,nakedSingle,43,0,0,0,0,0,0,0,0
beginner,704,38,43,nakedSingle,43,0,0,0,0,0,0,0,0
beginner,705,38,43,nakedSingle,43,0,0,0,0,0,0,0,0
beginner,706,38,43,nakedSingle,43,0,0,0,0,0,0,0,0
beginner,707,38,43,nakedSingle,43,0,0,0,0,0,0,0,0
beginner,708,38,43,nakedSingle,43,0,0,0,0,0,0,0,0
beginner,709,38,43,nakedSingle,43,0,0,0,0,0,0,0,0
beginner,710,38,43,nakedSingle,43,0,0,0,0,0,0,0,0
beginner,711,38,43,nakedSingle,43,0,0,0,0,0,0,0,0
beginner,712,38,43,nakedSingle,43,0,0,0,0,0,0,0,0
beginner,713,38,43,nakedSingle,43,0,0,0,0,0,0,0,0
beginner,714,38,43,nakedSingle,43,0,0,0,0,0,0,0,0
beginner,715,38,43,nakedSingle,43,0,0,0,0,0,0,0,0
beginner,716,38,43,nakedSingle,43,0,0,0,0,0,0,0,0
beginner,717,38,43,nakedSingle,43,0,0,0,0,0,0,0,0
beginner,718,38,43,nakedSingle,43,0,0,0,0,0,0,0,0
beginner,719,38,43,nakedSingle,43,0,0,0,0,0,0,0,0
beginner,720,39,42,nakedSingle,42,0,0,0,0,0,0,0,0
beginner,721,39,42,nakedSingle,42,0,0,0,0,0,0,0,0
beginner,722,38,43,hiddenSingle,42,1,0,0,0,0,0,0,0
beginner,723,39,42,hiddenSingle,40,2,0,0,0,0,0,0,0
beginner,724,38,43,nakedSingle,43,0,0,0,0,0,0,0,0
beginner,725,38,43,nakedSingle,43,0,0,0,0,0,0,0,0
beginner,726,38,43,nakedSingle,43,0,0,0,0,0,0,0,0
beginner,727,38,43,nakedSingle,43,0,0,0,0,0,0,0,0
beginner,728,39,42,nakedSingle,42,0,0,0,0,0,0,0,0
beginner,729,38,43,nakedSingle,43,0,0,0,0,0,0,0,0
beginner,730,38,43,nakedSingle,43,0,0,0,0,0,0,0,0
beginner,731,38,43,hiddenSingle,39,4,0,0,0,0,0,0,0
beginner,732,38,43,nakedSingle,43,0,0,0,0,0,0,0,0
beginner,733,38,43,nakedSingle,43,0,0,0,0,0,0,0,0
beginner,734,38,43,nakedSingle,43,0,0,0,0,0,0,0,0
beginner,735,39,42,nakedSingle,42,0,0,0,0,0,0,0,0
beginner,736,38,43,nakedSingle,43,0,0,0,0,0,0,0,0
beginner,737,38,43,nakedSingle,43,0,0,0,0,0,0,0,0
beginner,738,38,43,nakedSingle,43,0,0,0,0,0,0,0,0
beginner,739,38,43,nakedSingle,43,0,0,0,0,0,0,0,0
beginner,740,38,43,nakedSingle,43,0,0,0,0,0,0,0,0
beginner,741,38,43,nakedSingle,43,0,0,0,0,0,0,0,0
beginner,742,38,43,nakedSingle,43,0,0,0,0,0,0,0,0
beginner,743,38,43,nakedSingle,43,0,0,0,0,0,0,0,0
beginner,744,38,43,nakedSingle,43,0,0,0,0,0,0,0,0
beginner,745,39,42,hiddenSingle,36,6,0,0,0,0,0,0,0
beginner,746,38,43,nakedSingle,43,0,0,0,0,0,0,0,0
beginner,747,39,42,nakedSingle,42,0,0,0,0,0,0,0,0
beginner,748,38,43,hiddenSingle,41,2,0,0,0,0,0,0,0
beginner,749,38,43,nakedSingle,43,0,0,0,0,0,0,0,0
beginner,750,38,43,nakedSingle,43,0,0,0,0,0,0,0,0
beginner,751,38,43,nakedSingle,43,0,0,0,0,0,0,0,0
beginner,752,38,43,nakedSingle,43,0,0,0,0,0,0,0,0
beginner,753,38,43,nakedSingle,43,0,0,0,0,0,0,0,0
beginner,754,38,43,nakedSingle,43,0,0,0,0,0,0,0,0
beginner,755,38,43,nakedSingle,43,0,0,0,0,0,0,0,0
beginner,756,38,43,nakedSingle,43,0,0,0,0,0,0,0,0
beginner,757,38,43,nakedSingle,43,0,0,0,0,0,0,0,0
beginner,758,38,43,nakedSingle,43,0,0,0,0,0,0,0,0
beginner,759,38,43,nakedSingle,43,0,0,0,0,0,0,0,0
beginner,760,38,43,nakedSingle,43,0,0,0,0,0,0,0,0
beginner,761,38,43,nakedSingle,43,0,0,0,0,0,0,0,0
beginner,762,38,43,nakedSingle,43,0,0,0,0,0,0,0,0
beginner,763,38,43,nakedSingle,43,0,0,0,0,0,0,0,0
beginner,764,38,43,nakedSingle,43,0,0,0,0,0,0,0,0
beginner,765,39,42,nakedSingle,42,0,0,0,0,0,0,0,0
beginner,766,38,43,nakedSingle,43,0,0,0,0,0,0,0,0
beginner,767,38,43,nakedSingle,43,0,0,0,0,0,0,0,0
beginner,768,38,43,nakedSingle,43,0,0,0,0,0,0,0,0
beginner,769,38,43,nakedSingle,43,0,0,0,0,0,0,0,0
beginner,770,38,43,nakedSingle,43,0,0,0,0,0,0,0,0
beginner,771,39,42,nakedSingle,42,0,0,0,0,0,0,0,0
beginner,772,39,42,nakedSingle,42,0,0,0,0,0,0,0,0
beginner,773,38,43,hiddenSingle,39,4,0,0,0,0,0,0,0
beginner,774,38,43,nakedSingle,43,0,0,0,0,0,0,0,0
beginner,775,38,43,nakedSingle,43,0,0,0,0,0,0,0,0
beginner,776,38,43,nakedSingle,43,0,0,0,0,0,0,0,0
beginner,777,38,43,hiddenSingle,41,2,0,0,0,0,0,0,0
beginner,778,38,43,nakedSingle,43,0,0,0,0,0,0,0,0
beginner,779,38,43,nakedSingle,43,0,0,0,0,0,0,0,0
beginner,780,38,43,nakedSingle,43,0,0,0,0,0,0,0,0
beginner,781,38,43,nakedSingle,43,0,0,0,0,0,0,0,0
beginner,782,38,43,nakedSingle,43,0,0,0,0,0,0,0,0
beginner,783,38,43,nakedSingle,43,0,0,0,0,0,0,0,0
beginner,784,38,43,nakedSingle,43,0,0,0,0,0,0,0,0
beginner,785,38,43,nakedSingle,43,0,0,0,0,0,0,0,0
beginner,786,39,42,nakedSingle,42,0,0,0,0,0,0,0,0
beginner,787,38,43,nakedSingle,43,0,0,0,0,0,0,0,0
beginner,788,38,43,nakedSingle,43,0,0,0,0,0,0,0,0
beginner,789,38,43,nakedSingle,43,0,0,0,0,0,0,0,0
beginner,790,38,43,hiddenSingle,40,3,0,0,0,0,0,0,0
beginner,791,38,43,nakedSingle,43,0,0,0,0,0,0,0,0
beginner,792,38,43,nakedSingle,43,0,0,0,0,0,0,0,0
beginner,793,38,43,nakedSingle,43,0,0,0,0,0,0,0,0
beginner,794,38,43,nakedSingle,43,0,0,0,0,0,0,0,0
beginner,795,38,43,nakedSingle,43,0,0,0,0,0,0,0,0
beginner,796,39,42,nakedSingle,42,0,0,0,0,0,0,0,0
beginner,797,38,43,nakedSingle,43,0,0,0,0,0,0,0,0
beginner,798,38,43,nakedSingle,43,0,0,0,0,0,0,0,0
beginner,799,39,42,nakedSingle,42,0,0,0,0,0,0,0,0
beginner,800,38,43,hiddenSingle,38,5,0,0,0,0,0,0,0
beginner,801,38,43,nakedSingle,43,0,0,0,0,0,0,0,0
beginner,802,38,43,nakedSingle,43,0,0,0,0,0,0,0,0
beginner,803,38,43,nakedSingle,43,0,0,0,0,0,0,0,0
beginner,804,38,43,nakedSingle,43,0,0,0,0,0,0,0,0
beginner,805,38,43,nakedSingle,43,0,0,0,0,0,0,0,0
beginner,806,38,43,nakedSingle,43,0,0,0,0,0,0,0,0
beginner,807,38,43,nakedSingle,43,0,0,0,0,0,0,0,0
beginner,808,38,43,nakedSingle,43,0,0,0,0,0,0,0,0
beginner,809,38,43,nakedSingle,43,0,0,0,0,0,0,0,0
beginner,810,38,43,nakedSingle,43,0,0,0,0,0,0,0,0
beginner,811,39,42,nakedSingle,42,0,0,0,0,0,0,0,0
beginner,812,38,43,nakedSingle,43,0,0,0,0,0,0,0,0
beginner,813,38,43,nakedSingle,43,0,0,0,0,0,0,0,0
beginner,814,38,43,nakedSingle,43,0,0,0,0,0,0,0,0
beginner,815,38,43,hiddenSingle,41,2,0,0,0,0,0,0,0
beginner,816,38,43,nakedSingle,43,0,0,0,0,0,0,0,0
beginner,817,39,42,nakedSingle,42,0,0,0,0,0,0,0,0
beginner,818,38,43,nakedSingle,43,0,0,0,0,0,0,0,0
beginner,819,38,43,nakedSingle,43,0,0,0,0,0,0,0,0
beginner,820,39,42,nakedSingle,42,0,0,0,0,0,0,0,0
beginner,821,38,43,nakedSingle,43,0,0,0,0,0,0,0,0
beginner,822,39,42,nakedSingle,42,0,0,0,0,0,0,0,0
beginner,823,38,43,nakedSingle,43,0,0,0,0,0,0,0,0
beginner,824,38,43,nakedSingle,43,0,0,0,0,0,0,0,0
beginner,825,38,43,nakedSingle,43,0,0,0,0,0,0,0,0
beginner,826,38,43,nakedSingle,43,0,0,0,0,0,0,0,0
beginner,827,38,43,nakedSingle,43,0,0,0,0,0,0,0,0
beginner,828,38,43,nakedSingle,43,0,0,0,0,0,0,0,0
beginner,829,38,43,nakedSingle,43,0,0,0,0,0,0,0,0
beginner,830,38,43,nakedSingle,43,0,0,0,0,0,0,0,0
beginner,831,38,43,nakedSingle,43,0,0,0,0,0,0,0,0
beginner,832,38,43,nakedSingle,43,0,0,0,0,0,0,0,0
beginner,833,38,43,nakedSingle,43,0,0,0,0,0,0,0,0
beginner,834,38,43,nakedSingle,43,0,0,0,0,0,0,0,0
beginner,835,38,43,nakedSingle,43,0,0,0,0,0,0,0,0
beginner,836,38,43,nakedSingle,43,0,0,0,0,0,0,0,0
beginner,837,38,43,nakedSingle,43,0,0,0,0,0,0,0,0
beginner,838,38,43,nakedSingle,43,0,0,0,0,0,0,0,0
beginner,839,38,43,nakedSingle,43,0,0,0,0,0,0,0,0
beginner,840,38,43,nakedSingle,43,0,0,0,0,0,0,0,0
beginner,841,38,43,nakedSingle,43,0,0,0,0,0,0,0,0
beginner,842,38,43,nakedSingle,43,0,0,0,0,0,0,0,0
beginner,843,38,43,hiddenSingle,33,10,0,0,0,0,0,0,0
beginner,844,38,43,nakedSingle,43,0,0,0,0,0,0,0,0
beginner,845,38,43,nakedSingle,43,0,0,0,0,0,0,0,0
beginner,846,38,43,hiddenSingle,40,3,0,0,0,0,0,0,0
beginner,847,38,43,nakedSingle,43,0,0,0,0,0,0,0,0
beginner,848,38,43,nakedSingle,43,0,0,0,0,0,0,0,0
beginner,849,38,43,nakedSingle,43,0,0,0,0,0,0,0,0
beginner,850,38,43,nakedSingle,43,0,0,0,0,0,0,0,0
beginner,851,38,43,nakedSingle,43,0,0,0,0,0,0,0,0
beginner,852,38,43,nakedSingle,43,0,0,0,0,0,0,0,0
beginner,853,38,43,nakedSingle,43,0,0,0,0,0,0,0,0
beginner,854,38,43,nakedSingle,43,0,0,0,0,0,0,0,0
beginner,855,38,43,nakedSingle,43,0,0,0,0,0,0,0,0
beginner,856,38,43,nakedSingle,43,0,0,0,0,0,0,0,0
beginner,857,38,43,nakedSingle,43,0,0,0,0,0,0,0,0
beginner,858,38,43,nakedSingle,43,0,0,0,0,0,0,0,0
beginner,859,38,43,nakedSingle,43,0,0,0,0,0,0,0,0
beginner,860,38,43,nakedSingle,43,0,0,0,0,0,0,0,0
beginner,861,38,43,nakedSingle,43,0,0,0,0,0,0,0,0
beginner,862,38,43,nakedSingle,43,0,0,0,0,0,0,0,0
beginner,863,38,43,nakedSingle,43,0,0,0,0,0,0,0,0
beginner,864,38,43,nakedSingle,43,0,0,0,0,0,0,0,0
beginner,865,38,43,nakedSingle,43,0,0,0,0,0,0,0,0
beginner,866,38,43,nakedSingle,43,0,0,0,0,0,0,0,0
beginner,867,38,43,nakedSingle,43,0,0,0,0,0,0,0,0
beginner,868,39,42,nakedSingle,42,0,0,0,0,0,0,0,0
beginner,869,38,43,hiddenSingle,42,1,0,0,0,0,0,0,0
beginner,870,38,43,nakedSingle,43,0,0,0,0,0,0,0,0
beginner,871,38,43,nakedSingle,43,0,0,0,0,0,0,0,0
beginner,872,38,43,nakedSingle,43,0,0,0,0,0,0,0,0
beginner,873,38,43,nakedSingle,43,0,0,0,0,0,0,0,0
beginner,874,38,43,nakedSingle,43,0,0,0,0,0,0,0,0
beginner,875,38,43,nakedSingle,43,0,0,0,0,0,0,0,0
beginner,876,38,43,nakedSingle,43,0,0,0,0,0,0,0,0
beginner,877,38,43,nakedSingle,43,0,0,0,0,0,0,0,0
beginner,878,38,43,nakedSingle,43,0,0,0,0,0,0,0,0
beginner,879,38,43,nakedSingle,43,0,0,0,0,0,0,0,0
beginner,880,38,43,nakedSingle,43,0,0,0,0,0,0,0,0
beginner,881,38,43,nakedSingle,43,0,0,0,0,0,0,0,0
beginner,882,38,43,nakedSingle,43,0,0,0,0,0,0,0,0
beginner,883,39,42,nakedSingle,42,0,0,0,0,0,0,0,0
beginner,884,38,43,nakedSingle,43,0,0,0,0,0,0,0,0
beginner,885,39,42,nakedSingle,42,0,0,0,0,0,0,0,0
beginner,886,38,43,nakedSingle,43,0,0,0,0,0,0,0,0
beginner,887,38,43,nakedSingle,43,0,0,0,0,0,0,0,0
beginner,888,39,42,nakedSingle,42,0,0,0,0,0,0,0,0
beginner,889,38,43,nakedSingle,43,0,0,0,0,0,0,0,0
beginner,890,38,43,nakedSingle,43,0,0,0,0,0,0,0,0
beginner,891,38,43,nakedSingle,43,0,0,0,0,0,0,0,0
beginner,892,38,43,nakedSingle,43,0,0,0,0,0,0,0,0
beginner,893,38,43,nakedSingle,43,0,0,0,0,0,0,0,0
beginner,894,38,43,nakedSingle,43,0,0,0,0,0,0,0,0
beginner,895,38,43,nakedSingle,43,0,0,0,0,0,0,0,0
beginner,896,38,43,nakedSingle,43,0,0,0,0,0,0,0,0
beginner,897,39,42,nakedSingle,42,0,0,0,0,0,0,0,0
beginner,898,38,43,nakedSingle,43,0,0,0,0,0,0,0,0
beginner,899,38,43,nakedSingle,43,0,0,0,0,0,0,0,0
beginner,900,38,43,nakedSingle,43,0,0,0,0,0,0,0,0
beginner,901,38,43,nakedSingle,43,0,0,0,0,0,0,0,0
beginner,902,38,43,nakedSingle,43,0,0,0,0,0,0,0,0
beginner,903,38,43,nakedSingle,43,0,0,0,0,0,0,0,0
beginner,904,38,43,nakedSingle,43,0,0,0,0,0,0,0,0
beginner,905,38,43,hiddenSingle,42,1,0,0,0,0,0,0,0
beginner,906,38,43,nakedSingle,43,0,0,0,0,0,0,0,0
beginner,907,38,43,nakedSingle,43,0,0,0,0,0,0,0,0
beginner,908,38,43,nakedSingle,43,0,0,0,0,0,0,0,0
beginner,909,38,43,nakedSingle,43,0,0,0,0,0,0,0,0
beginner,910,38,43,nakedSingle,43,0,0,0,0,0,0,0,0
beginner,911,38,43,nakedSingle,43,0,0,0,0,0,0,0,0
beginner,912,38,43,nakedSingle,43,0,0,0,0,0,0,0,0
beginner,913,39,42,nakedSingle,42,0,0,0,0,0,0,0,0
beginner,914,38,43,nakedSingle,43,0,0,0,0,0,0,0,0
beginner,915,38,43,nakedSingle,43,0,0,0,0,0,0,0,0
beginner,916,38,43,nakedSingle,43,0,0,0,0,0,0,0,0
beginner,917,38,43,nakedSingle,43,0,0,0,0,0,0,0,0
beginner,918,38,43,nakedSingle,43,0,0,0,0,0,0,0,0
beginner,919,38,43,nakedSingle,43,0,0,0,0,0,0,0,0
beginner,920,38,43,nakedSingle,43,0,0,0,0,0,0,0,0
beginner,921,38,43,nakedSingle,43,0,0,0,0,0,0,0,0
beginner,922,38,43,nakedSingle,43,0,0,0,0,0,0,0,0
beginner,923,38,43,nakedSingle,43,0,0,0,0,0,0,0,0
beginner,924,38,43,nakedSingle,43,0,0,0,0,0,0,0,0
beginner,925,38,43,nakedSingle,43,0,0,0,0,0,0,0,0
beginner,926,38,43,nakedSingle,43,0,0,0,0,0,0,0,0
beginner,927,38,43,nakedSingle,43,0,0,0,0,0,0,0,0
beginner,928,38,43,nakedSingle,43,0,0,0,0,0,0,0,0
beginner,929,38,43,nakedSingle,43,0,0,0,0,0,0,0,0
beginner,930,38,43,nakedSingle,43,0,0,0,0,0,0,0,0
beginner,931,39,42,nakedSingle,42,0,0,0,0,0,0,0,0
beginner,932,38,43,nakedSingle,43,0,0,0,0,0,0,0,0
beginner,933,38,43,nakedSingle,43,0,0,0,0,0,0,0,0
beginner,934,38,43,nakedSingle,43,0,0,0,0,0,0,0,0
beginner,935,38,43,hiddenSingle,42,1,0,0,0,0,0,0,0
beginner,936,38,43,nakedSingle,43,0,0,0,0,0,0,0,0
beginner,937,38,43,nakedSingle,43,0,0,0,0,0,0,0,0
beginner,938,38,43,hiddenSingle,40,3,0,0,0,0,0,0,0
beginner,939,39,42,nakedSingle,42,0,0,0,0,0,0,0,0
beginner,940,38,43,nakedSingle,43,0,0,0,0,0,0,0,0
beginner,941,38,43,nakedSingle,43,0,0,0,0,0,0,0,0
beginner,942,38,43,nakedSingle,43,0,0,0,0,0,0,0,0
beginner,943,38,43,nakedSingle,43,0,0,0,0,0,0,0,0
beginner,944,38,43,nakedSingle,43,0,0,0,0,0,0,0,0
beginner,945,38,43,nakedSingle,43,0,0,0,0,0,0,0,0
beginner,946,38,43,nakedSingle,43,0,0,0,0,0,0,0,0
beginner,947,38,43,nakedSingle,43,0,0,0,0,0,0,0,0
beginner,948,38,43,nakedSingle,43,0,0,0,0,0,0,0,0
beginner,949,38,43,nakedSingle,43,0,0,0,0,0,0,0,0
beginner,950,38,43,hiddenSingle,39,4,0,0,0,0,0,0,0
beginner,951,38,43,nakedSingle,43,0,0,0,0,0,0,0,0
beginner,952,38,43,nakedSingle,43,0,0,0,0,0,0,0,0
beginner,953,38,43,nakedSingle,43,0,0,0,0,0,0,0,0
beginner,954,38,43,nakedSingle,43,0,0,0,0,0,0,0,0
beginner,955,38,43,nakedSingle,43,0,0,0,0,0,0,0,0
beginner,956,38,43,nakedSingle,43,0,0,0,0,0,0,0,0
beginner,957,38,43,nakedSingle,43,0,0,0,0,0,0,0,0
beginner,958,38,43,nakedSingle,43,0,0,0,0,0,0,0,0
beginner,959,38,43,nakedSingle,43,0,0,0,0,0,0,0,0
beginner,960,38,43,nakedSingle,43,0,0,0,0,0,0,0,0
beginner,961,38,43,nakedSingle,43,0,0,0,0,0,0,0,0
beginner,962,38,43,nakedSingle,43,0,0,0,0,0,0,0,0
beginner,963,38,43,nakedSingle,43,0,0,0,0,0,0,0,0
beginner,964,38,43,nakedSingle,43,0,0,0,0,0,0,0,0
beginner,965,38,43,hiddenSingle,41,2,0,0,0,0,0,0,0
beginner,966,38,43,nakedSingle,43,0,0,0,0,0,0,0,0
beginner,967,38,43,nakedSingle,43,0,0,0,0,0,0,0,0
beginner,968,38,43,nakedSingle,43,0,0,0,0,0,0,0,0
beginner,969,38,43,nakedSingle,43,0,0,0,0,0,0,0,0
beginner,970,38,43,nakedSingle,43,0,0,0,0,0,0,0,0
beginner,971,38,43,nakedSingle,43,0,0,0,0,0,0,0,0
beginner,972,38,43,nakedSingle,43,0,0,0,0,0,0,0,0
beginner,973,38,43,nakedSingle,43,0,0,0,0,0,0,0,0
beginner,974,38,43,nakedSingle,43,0,0,0,0,0,0,0,0
beginner,975,38,43,nakedSingle,43,0,0,0,0,0,0,0,0
beginner,976,38,43,hiddenSingle,40,3,0,0,0,0,0,0,0
beginner,977,38,43,nakedSingle,43,0,0,0,0,0,0,0,0
beginner,978,38,43,nakedSingle,43,0,0,0,0,0,0,0,0
beginner,979,38,43,nakedSingle,43,0,0,0,0,0,0,0,0
beginner,980,38,43,nakedSingle,43,0,0,0,0,0,0,0,0
beginner,981,38,43,nakedSingle,43,0,0,0,0,0,0,0,0
beginner,982,38,43,nakedSingle,43,0,0,0,0,0,0,0,0
beginner,983,38,43,nakedSingle,43,0,0,0,0,0,0,0,0
beginner,984,38,43,nakedSingle,43,0,0,0,0,0,0,0,0
beginner,985,38,43,nakedSingle,43,0,0,0,0,0,0,0,0
beginner,986,39,42,nakedSingle,42,0,0,0,0,0,0,0,0
beginner,987,38,43,nakedSingle,43,0,0,0,0,0,0,0,0
beginner,988,38,43,nakedSingle,43,0,0,0,0,0,0,0,0
beginner,989,38,43,nakedSingle,43,0,0,0,0,0,0,0,0
beginner,990,38,43,nakedSingle,43,0,0,0,0,0,0,0,0
beginner,991,39,42,nakedSingle,42,0,0,0,0,0,0,0,0
beginner,992,38,43,nakedSingle,43,0,0,0,0,0,0,0,0
beginner,993,38,43,nakedSingle,43,0,0,0,0,0,0,0,0
beginner,994,38,43,nakedSingle,43,0,0,0,0,0,0,0,0
beginner,995,38,43,nakedSingle,43,0,0,0,0,0,0,0,0
beginner,996,38,43,nakedSingle,43,0,0,0,0,0,0,0,0
beginner,997,39,42,nakedSingle,42,0,0,0,0,0,0,0,0
beginner,998,38,43,nakedSingle,43,0,0,0,0,0,0,0,0
beginner,999,38,43,nakedSingle,43,0,0,0,0,0,0,0,0
beginner,1000,38,43,nakedSingle,43,0,0,0,0,0,0,0,0
intermediate,1,32,50,lockedCandidates,31,18,1,0,0,0,0,0,0
intermediate,2,32,52,lockedCandidates,41,8,3,0,0,0,0,0,0
intermediate,3,31,51,lockedCandidates,46,4,1,0,0,0,0,0,0
intermediate,4,31,51,lockedCandidates,39,11,1,0,0,0,0,0,0
intermediate,5,32,51,lockedCandidates,39,10,2,0,0,0,0,0,0
intermediate,6,31,54,lockedCandidates,32,18,4,0,0,0,0,0,0
intermediate,7,31,53,lockedCandidates,43,7,3,0,0,0,0,0,0
intermediate,8,32,51,lockedCandidates,38,11,2,0,0,0,0,0,0
intermediate,9,32,51,lockedCandidates,38,11,2,0,0,0,0,0,0
intermediate,10,32,52,lockedCandidates,37,12,3,0,0,0,0,0,0
intermediate,11,31,51,lockedCandidates,39,11,1,0,0,0,0,0,0
intermediate,12,31,51,lockedCandidates,39,11,1,0,0,0,0,0,0
intermediate,13,31,54,lockedCandidates,43,7,4,0,0,0,0,0,0
intermediate,14,31,51,lockedCandidates,42,8,1,0,0,0,0,0,0
intermediate,15,32,53,lockedCandidates,45,4,4,0,0,0,0,0,0
intermediate,16,32,51,lockedCandidates,36,13,2,0,0,0,0,0,0
intermediate,17,32,51,lockedCandidates,32,17,2,0,0,0,0,0,0
intermediate,18,31,52,lockedCandidates,41,9,2,0,0,0,0,0,0
intermediate,19,31,52,lockedCandidates,35,15,2,0,0,0,0,0,0
intermediate,20,31,52,lockedCandidates,41,9,2,0,0,0,0,0,0
intermediate,21,31,54,lockedCandidates,40,10,4,0,0,0,0,0,0
intermediate,22,31,51,lockedCandidates,42,8,1,0,0,0,0,0,0
intermediate,23,32,50,lockedCandidates,43,6,1,0,0,0,0,0,0
intermediate,24,31,54,lockedCandidates,39,11,4,0,0,0,0,0,0
intermediate,25,32,50,lockedCandidates,39,10,1,0,0,0,0,0,0
intermediate,26,31,51,lockedCandidates,31,19,1,0,0,0,0,0,0
intermediate,27,32,50,lockedCandidates,38,11,1,0,0,0,0,0,0
intermediate,28,31,52,lockedCandidates,43,7,2,0,0,0,0,0,0
intermediate,29,32,52,lockedCandidates,38,11,3,0,0,0,0,0,0
intermediate,30,31,51,lockedCandidates,44,6,1,0,0,0,0,0,0
intermediate,31,32,50,lockedCandidates,39,10,1,0,0,0,0,0,0
intermediate,32,31,52,lockedCandidates,35,15,2,0,0,0,0,0,0
intermediate,33,31,51,lockedCandidates,46,4,1,0,0,0,0,0,0
intermediate,34,32,51,lockedCandidates,40,9,2,0,0,0,0,0,0
intermediate,35,31,51,lockedCandidates,38,12,1,0,0,0,0,0,0
intermediate,36,31,52,lockedCandidates,33,17,2,0,0,0,0,0,0
intermediate,37,32,54,lockedCandidates,37,12,5,0,0,0,0,0,0
intermediate,38,31,52,lockedCandidates,45,5,2,0,0,0,0,0,0
intermediate,39,31,51,lockedCandidates,43,7,1,0,0,0,0,0,0
intermediate,40,31,51,lockedCandidates,34,16,1,0,0,0,0,0,0
intermediate,41,31,53,lockedCandidates,32,18,3,0,0,0,0,0,0
intermediate,42,32,50,lockedCandidates,41,8,1,0,0,0,0,0,0
intermediate,43,31,53,lockedCandidates,41,9,3,0,0,0,0,0,0
intermediate,44,32,53,lockedCandidates,38,11,4,0,0,0,0,0,0
intermediate,45,31,52,lockedCandidates,39,11,2,0,0,0,0,0,0
intermediate,46,32,51,lockedCandidates,39,10,2,0,0,0,0,0,0
intermediate,47,31,58,lockedCandidates,34,16,8,0,0,0,0,0,0
intermediate,48,31,55,lockedCandidates,39,11,5,0,0,0,0,0,0
intermediate,49,32,55,lockedCandidates,35,14,6,0,0,0,0,0,0
intermediate,50,32,51,lockedCandidates,36,13,2,0,0,0,0,0,0
intermediate,51,32,51,lockedCandidates,36,13,2,0,0,0,0,0,0
intermediate,52,31,52,lockedCandidates,43,7,2,0,0,0,0,0,0
intermediate,53,32,50,lockedCandidates,43,6,1,0,0,0,0,0,0
intermediate,54,32,50,lockedCandidates,43,6,1,0,0,0,0,0,0
intermediate,55,31,51,lockedCandidates,31,19,1,0,0,0,0,0,0
intermediate,56,31,52,lockedCandidates,39,11,2,0,0,0,0,0,0
intermediate,57,32,50,lockedCandidates,36,13,1,0,0,0,0,0,0
intermediate,58,31,52,lockedCandidates,35,15,2,0,0,0,0,0,0
intermediate,59,32,52,lockedCandidates,38,11,3,0,0,0,0,0,0
intermediate,60,32,50,lockedCandidates,42,7,1,0,0,0,0,0,0
intermediate,61,32,50,lockedCandidates,47,2,1,0,0,0,0,0,0
intermediate,62,31,51,lockedCandidates,43,7,1,0,0,0,0,0,0
intermediate,63,32,51,lockedCandidates,39,10,2,0,0,0,0,0,0
intermediate,64,32,50,lockedCandidates,41,8,1,0,0,0,0,0,0
intermediate,65,32,50,lockedCandidates,38,11,1,0,0,0,0,0,0
intermediate,66,32,51,lockedCandidates,37,12,2,0,0,0,0,0,0
intermediate,67,32,53,lockedCandidates,35,14,4,0,0,0,0,0,0
intermediate,68,32,55,lockedCandidates,38,11,6,0,0,0,0,0,0
intermediate,69,31,52,lockedCandidates,35,15,2,0,0,0,0,0,0
intermediate,70,32,50,lockedCandidates,40,9,1,0,0,0,0,0,0
intermediate,71,32,53,lockedCandidates,43,6,4,0,0,0,0,0,0
intermediate,72,32,53,lockedCandidates,41,8,4,0,0,0,0,0,0
intermediate,73,31,52,lockedCandidates,37,13,2,0,0,0,0,0,0
intermediate,74,31,51,lockedCandidates,35,15,1,0,0,0,0,0,0
intermediate,75,31,51,lockedCandidates,33,17,1,0,0,0,0,0,0
intermediate,76,31,55,lockedCandidates,31,19,5,0,0,0,0,0,0
intermediate,77,31,52,lockedCandidates,38,12,2,0,0,0,0,0,0
intermediate,78,31,51,lockedCandidates,38,12,1,0,0,0,0,0,0
intermediate,79,32,50,lockedCandidates,32,17,1,0,0,0,0,0,0
intermediate,80,31,51,lockedCandidates,29,21,1,0,0,0,0,0,0
intermediate,81,31,51,lockedCandidates,34,16,1,0,0,0,0,0,0
intermediate,82,31,51,lockedCandidates,43,7,1,0,0,0,0,0,0
intermediate,83,32,51,lockedCandidates,42,7,2,0,0,0,0,0,0
intermediate,84,32,50,lockedCandidates,35,14,1,0,0,0,0,0,0
intermediate,85,31,51,lockedCandidates,40,10,1,0,0,0,0,0,0
intermediate,86,32,50,lockedCandidates,28,21,1,0,0,0,0,0,0
intermediate,87,32,50,lockedCandidates,30,19,1,0,0,0,0,0,0
intermediate,88,32,50,lockedCandidates,37,12,1,0,0,0,0,0,0
intermediate,89,32,50,lockedCandidates,30,19,1,0,0,0,0,0,0
intermediate,90,32,50,lockedCandidates,32,17,1,0,0,0,0,0,0
intermediate,91,31,51,lockedCandidates,30,20,1,0,0,0,0,0,0
intermediate,92,32,50,lockedCandidates,34,15,1,0,0,0,0,0,0
intermediate,93,31,54,lockedCandidates,39,11,4,0,0,0,0,0,0
intermediate,94,32,50,lockedCandidates,43,6,1,0,0,0,0,0,0
intermediate,95,32,52,lockedCandidates,37,12,3,0,0,0,0,0,0
intermediate,96,32,50,lockedCandidates,38,11,1,0,0,0,0,0,0
intermediate,97,32,50,lockedCandidates,31,18,1,0,0,0,0,0,0
intermediate,98,31,51,lockedCandidates,34,16,1,0,0,0,0,0,0
intermediate,99,31,59,lockedCandidates,45,5,9,0,0,0,0,0,0
intermediate,100,31,52,lockedCandidates,35,15,2,0,0,0,0,0,0
intermediate,101,32,53,lockedCandidates,41,8,4,0,0,0,0,0,0
intermediate,102,31,52,lockedCandidates,42,8,2,0,0,0,0,0,0
intermediate,103,32,53,lockedCandidates,37,12,4,0,0,0,0,0,0
intermediate,104,32,50,lockedCandidates,37,12,1,0,0,0,0,0,0
intermediate,105,32,52,lockedCandidates,44,5,3,0,0,0,0,0,0
intermediate,106,31,53,lockedCandidates,40,10,3,0,0,0,0,0,0
intermediate,107,31,51,lockedCandidates,32,18,1,0,0,0,0,0,0
intermediate,108,31,53,lockedCandidates,32,18,3,0,0,0,0,0,0
intermediate,109,31,51,lockedCandidates,38,12,1,0,0,0,0,0,0
intermediate,110,31,52,lockedCandidates,41,9,2,0,0,0,0,0,0
intermediate,111,32,50,lockedCandidates,37,12,1,0,0,0,0,0,0
intermediate,112,31,52,lockedCandidates,36,14,2,0,0,0,0,0,0
intermediate,113,32,50,lockedCandidates,39,10,1,0,0,0,0,0,0
intermediate,114,31,53,lockedCandidates,30,20,3,0,0,0,0,0,0
intermediate,115,31,55,lockedCandidates,41,9,5,0,0,0,0,0,0
intermediate,116,34,48,lockedCandidates,34,13,1,0,0,0,0,0,0
intermediate,117,31,55,lockedCandidates,43,7,5,0,0,0,0,0,0
intermediate,118,31,51,lockedCandidates,36,14,1,0,0,0,0,0,0
intermediate,119,32,50,lockedCandidates,37,12,1,0,0,0,0,0,0
intermediate,120,32,51,lockedCandidates,37,12,2,0,0,0,0,0,0
intermediate,121,31,51,lockedCandidates,30,20,1,0,0,0,0,0,0
intermediate,122,32,50,lockedCandidates,39,10,1,0,0,0,0,0,0
intermediate,123,31,52,lockedCandidates,44,6,2,0,0,0,0,0,0
intermediate,124,32,50,lockedCandidates,42,7,1,0,0,0,0,0,0
intermediate,125,31,53,lockedCandidates,37,13,3,0,0,0,0,0,0
intermediate,126,31,51,lockedCandidates,31,19,1,0,0,0,0,0,0
intermediate,127,31,53,lockedCandidates,35,15,3,0,0,0,0,0,0
intermediate,128,32,50,lockedCandidates,39,10,1,0,0,0,0,0,0
intermediate,129,31,54,lockedCandidates,38,12,4,0,0,0,0,0,0
intermediate,130,32,50,lockedCandidates,41,8,1,0,0,0,0,0,0
intermediate,131,32,50,lockedCandidates,37,12,1,0,0,0,0,0,0
intermediate,132,31,51,lockedCandidates,30,20,1,0,0,0,0,0,0
intermediate,133,32,50,lockedCandidates,37,12,1,0,0,0,0,0,0
intermediate,134,32,50,lockedCandidates,42,7,1,0,0,0,0,0,0
intermediate,135,32,51,lockedCandidates,37,12,2,0,0,0,0,0,0
intermediate,136,32,51,lockedCandidates,40,9,2,0,0,0,0,0,0
intermediate,137,32,50,lockedCandidates,39,10,1,0,0,0,0,0,0
intermediate,138,31,53,lockedCandidates,43,7,3,0,0,0,0,0,0
intermediate,139,31,51,lockedCandidates,41,9,1,0,0,0,0,0,0
intermediate,140,31,53,lockedCandidates,34,16,3,0,0,0,0,0,0
intermediate,141,32,50,lockedCandidates,39,10,1,0,0,0,0,0,0
intermediate,142,32,50,lockedCandidates,36,13,1,0,0,0,0,0,0
intermediate,143,32,51,lockedCandidates,42,7,2,0,0,0,0,0,0
intermediate,144,32,50,lockedCandidates,42,7,1,0,0,0,0,0,0
intermediate,145,32,53,lockedCandidates,41,8,4,0,0,0,0,0,0
intermediate,146,32,50,lockedCandidates,32,17,1,0,0,0,0,0,0
intermediate,147,31,51,lockedCandidates,37,13,1,0,0,0,0,0,0
intermediate,148,31,51,lockedCandidates,42,8,1,0,0,0,0,0,0
intermediate,149,31,51,lockedCandidates,35,15,1,0,0,0,0,0,0
intermediate,150,31,51,lockedCandidates,41,9,1,0,0,0,0,0,0
intermediate,151,32,52,lockedCandidates,33,16,3,0,0,0,0,0,0
intermediate,152,32,50,lockedCandidates,38,11,1,0,0,0,0,0,0
intermediate,153,31,52,lockedCandidates,42,8,2,0,0,0,0,0,0
intermediate,154,32,54,lockedCandidates,41,8,5,0,0,0,0,0,0
intermediate,155,32,50,lockedCandidates,37,12,1,0,0,0,0,0,0
intermediate,156,31,51,lockedCandidates,33,17,1,0,0,0,0,0,0
intermediate,157,31,51,lockedCandidates,34,16,1,0,0,0,0,0,0
intermediate,158,32,51,lockedCandidates,37,12,2,0,0,0,0,0,0
intermediate,159,31,54,lockedCandidates,40,10,4,0,0,0,0,0,0
intermediate,160,31,51,lockedCandidates,44,6,1,0,0,0,0,0,0
intermediate,161,32,53,lockedCandidates,43,6,4,0,0,0,0,0,0
intermediate,162,32,52,lockedCandidates,34,15,3,0,0,0,0,0,0
intermediate,163,31,51,lockedCandidates,39,11,1,0,0,0,0,0,0
intermediate,164,32,50,lockedCandidates,40,9,1,0,0,0,0,0,0
intermediate,165,31,51,lockedCandidates,42,8,1,0,0,0,0,0,0
intermediate,166,32,51,lockedCandidates,37,12,2,0,0,0,0,0,0
intermediate,167,32,50,lockedCandidates,29,20,1,0,0,0,0,0,0
intermediate,168,31,52,lockedCandidates,37,13,2,0,0,0,0,0,0
intermediate,169,32,51,lockedCandidates,41,8,2,0,0,0,0,0,0
intermediate,170,32,50,lockedCandidates,38,11,1,0,0,0,0,0,0
intermediate,171,31,51,lockedCandidates,41,9,1,0,0,0,0,0,0
intermediate,172,31,51,lockedCandidates,36,14,1,0,0,0,0,0,0
intermediate,173,31,51,lockedCandidates,43,7,1,0,0,0,0,0,0
intermediate,174,31,51,lockedCandidates,43,7,1,0,0,0,0,0,0
intermediate,175,32,50,lockedCandidates,39,10,1,0,0,0,0,0,0
intermediate,176,32,50,lockedCandidates,33,16,1,0,0,0,0,0,0
intermediate,177,32,50,lockedCandidates,37,12,1,0,0,0,0,0,0
intermediate,178,32,51,lockedCandidates,46,3,2,0,0,0,0,0,0
intermediate,179,31,51,lockedCandidates,31,19,1,0,0,0,0,0,0
intermediate,180,32,50,lockedCandidates,45,4,1,0,0,0,0,0,0
intermediate,181,31,51,lockedCandidates,47,3,1,0,0,0,0,0,0
intermediate,182,31,54,lockedCandidates,40,10,4,0,0,0,0,0,0
intermediate,183,32,50,lockedCandidates,42,7,1,0,0,0,0,0,0
intermediate,184,32,51,lockedCandidates,38,11,2,0,0,0,0,0,0
intermediate,185,32,52,lockedCandidates,38,11,3,0,0,0,0,0,0
intermediate,186,32,51,lockedCandidates,32,17,2,0,0,0,0,0,0
intermediate,187,32,52,lockedCandidates,39,10,3,0,0,0,0,0,0
intermediate,188,31,51,lockedCandidates,39,11,1,0,0,0,0,0,0
intermediate,189,31,52,lockedCandidates,46,4,2,0,0,0,0,0,0
intermediate,190,31,51,lockedCandidates,31,19,1,0,0,0,0,0,0
intermediate,191,32,50,lockedCandidates,39,10,1,0,0,0,0,0,0
intermediate,192,32,53,lockedCandidates,30,19,4,0,0,0,0,0,0
intermediate,193,32,50,lockedCandidates,41,8,1,0,0,0,0,0,0
intermediate,194,32,50,lockedCandidates,37,12,1,0,0,0,0,0,0
intermediate,195,31,54,lockedCandidates,35,15,4,0,0,0,0,0,0
intermediate,196,32,54,lockedCandidates,40,9,5,0,0,0,0,0,0
intermediate,197,31,51,lockedCandidates,43,7,1,0,0,0,0,0,0
intermediate,198,32,50,lockedCandidates,32,17,1,0,0,0,0,0,0
intermediate,199,31,53,lockedCandidates,44,6,3,0,0,0,0,0,0
intermediate,200,32,51,lockedCandidates,42,7,2,0,0,0,0,0,0
intermediate,201,32,51,lockedCandidates,40,9,2,0,0,0,0,0,0
intermediate,202,31,51,lockedCandidates,41,9,1,0,0,0,0,0,0
intermediate,203,32,50,lockedCandidates,42,7,1,0,0,0,0,0,0
intermediate,204,32,51,lockedCandidates,33,16,2,0,0,0,0,0,0
intermediate,205,32,50,lockedCandidates,42,7,1,0,0,0,0,0,0
intermediate,206,32,50,lockedCandidates,35,14,1,0,0,0,0,0,0
intermediate,207,31,53,lockedCandidates,40,10,3,0,0,0,0,0,0
intermediate,208,31,54,lockedCandidates,40,10,4,0,0,0,0,0,0
intermediate,209,31,51,lockedCandidates,38,12,1,0,0,0,0,0,0
intermediate,210,31,51,lockedCandidates,39,11,1,0,0,0,0,0,0
intermediate,211,32,50,lockedCandidates,36,13,1,0,0,0,0,0,0
intermediate,212,32,50,lockedCandidates,43,6,1,0,0,0,0,0,0
intermediate,213,32,50,lockedCandidates,40,9,1,0,0,0,0,0,0
intermediate,214,32,51,lockedCandidates,36,13,2,0,0,0,0,0,0
intermediate,215,32,50,lockedCandidates,36,13,1,0,0,0,0,0,0
intermediate,216,32,53,lockedCandidates,36,13,4,0,0,0,0,0,0
intermediate,217,31,52,lockedCandidates,40,10,2,0,0,0,0,0,0
intermediate,218,32,50,lockedCandidates,35,14,1,0,0,0,0,0,0
intermediate,219,31,53,lockedCandidates,43,7,3,0,0,0,0,0,0
intermediate,220,31,53,lockedCandidates,40,10,3,0,0,0,0,0,0
intermediate,221,31,52,lockedCandidates,41,9,2,0,0,0,0,0,0
intermediate,222,32,50,lockedCandidates,38,11,1,0,0,0,0,0,0
intermediate,223,31,52,lockedCandidates,47,3,2,0,0,0,0,0,0
intermediate,224,31,51,lockedCandidates,35,15,1,0,0,0,0,0,0
intermediate,225,32,53,lockedCandidates,38,11,4,0,0,0,0,0,0
intermediate,226,32,50,lockedCandidates,37,12,1,0,0,0,0,0,0
intermediate,227,31,52,lockedCandidates,33,17,2,0,0,0,0,0,0
intermediate,228,31,52,lockedCandidates,38,12,2,0,0,0,0,0,0
intermediate,229,32,53,lockedCandidates,45,4,4,0,0,0,0,0,0
intermediate,230,31,51,lockedCandidates,31,19,1,0,0,0,0,0,0
intermediate,231,32,51,lockedCandidates,36,13,2,0,0,0,0,0,0
intermediate,232,32,50,lockedCandidates,33,16,1,0,0,0,0,0,0
intermediate,233,32,53,lockedCandidates,43,6,4,0,0,0,0,0,0
intermediate,234,31,53,lockedCandidates,33,17,3,0,0,0,0,0,0
intermediate,235,32,50,lockedCandidates,44,5,1,0,0,0,0,0,0
intermediate,236,32,50,lockedCandidates,34,15,1,0,0,0,0,0,0
intermediate,237,32,51,lockedCandidates,34,15,2,0,0,0,0,0,0
intermediate,238,31,51,lockedCandidates,39,11,1,0,0,0,0,0,0
intermediate,239,31,51,lockedCandidates,41,9,1,0,0,0,0,0,0
intermediate,240,31,51,lockedCandidates,41,9,1,0,0,0,0,0,0
intermediate,241,31,52,lockedCandidates,39,11,2,0,0,0,0,0,0
intermediate,242,31,54,lockedCandidates,48,2,4,0,0,0,0,0,0
intermediate,243,32,50,lockedCandidates,34,15,1,0,0,0,0,0,0
intermediate,244,31,51,lockedCandidates,40,10,1,0,0,0,0,0,0
intermediate,245,32,50,lockedCandidates,43,6,1,0,0,0,0,0,0
intermediate,246,31,52,lockedCandidates,34,16,2,0,0,0,0,0,0
intermediate,247,31,52,lockedCandidates,42,8,2,0,0,0,0,0,0
intermediate,248,32,53,lockedCandidates,42,7,4,0,0,0,0,0,0
intermediate,249,32,50,lockedCandidates,40,9,1,0,0,0,0,0,0
intermediate,250,32,50,lockedCandidates,37,12,1,0,0,0,0,0,0
intermediate,251,32,52,lockedCandidates,36,13,3,0,0,0,0,0,0
intermediate,252,32,50,lockedCandidates,35,14,1,0,0,0,0,0,0
intermediate,253,31,51,lockedCandidates,35,15,1,0,0,0,0,0,0
intermediate,254,31,51,lockedCandidates,41,9,1,0,0,0,0,0,0
intermediate,255,32,50,lockedCandidates,38,11,1,0,0,0,0,0,0
intermediate,256,31,53,lockedCandidates,40,10,3,0,0,0,0,0,0
intermediate,257,32,50,lockedCandidates,33,16,1,0,0,0,0,0,0
intermediate,258,31,52,lockedCandidates,31,19,2,0,0,0,0,0,0
intermediate,259,32,50,lockedCandidates,40,9,1,0,0,0,0,0,0
intermediate,260,31,51,lockedCandidates,39,11,1,0,0,0,0,0,0
intermediate,261,32,50,lockedCandidates,35,14,1,0,0,0,0,0,0
intermediate,262,31,51,lockedCandidates,42,8,1,0,0,0,0,0,0
intermediate,263,32,51,lockedCandidates,37,12,2,0,0,0,0,0,0
intermediate,264,32,52,lockedCandidates,43,6,3,0,0,0,0,0,0
intermediate,265,31,51,lockedCandidates,38,12,1,0,0,0,0,0,0
intermediate,266,31,51,lockedCandidates,35,15,1,0,0,0,0,0,0
intermediate,267,32,50,lockedCandidates,39,10,1,0,0,0,0,0,0
intermediate,268,31,51,lockedCandidates,34,16,1,0,0,0,0,0,0
intermediate,269,31,52,lockedCandidates,40,10,2,0,0,0,0,0,0
intermediate,270,31,53,lockedCandidates,43,7,3,0,0,0,0,0,0
intermediate,271,31,55,lockedCandidates,36,14,5,0,0,0,0,0,0
intermediate,272,32,53,lockedCandidates,40,9,4,0,0,0,0,0,0
intermediate,273,32,52,lockedCandidates,41,8,3,0,0,0,0,0,0
intermediate,274,32,50,lockedCandidates,34,15,1,0,0,0,0,0,0
intermediate,275,32,50,lockedCandidates,43,6,1,0,0,0,0,0,0
intermediate,276,32,50,lockedCandidates,40,9,1,0,0,0,0,0,0
intermediate,277,32,52,lockedCandidates,35,14,3,0,0,0,0,0,0
intermediate,278,32,50,lockedCandidates,38,11,1,0,0,0,0,0,0
intermediate,279,32,51,lockedCandidates,29,20,2,0,0,0,0,0,0
intermediate,280,32,50,lockedCandidates,39,10,1,0,0,0,0,0,0
intermediate,281,31,53,lockedCandidates,39,11,3,0,0,0,0,0,0
intermediate,282,32,52,lockedCandidates,42,7,3,0,0,0,0,0,0
intermediate,283,32,51,lockedCandidates,38,11,2,0,0,0,0,0,0
intermediate,284,32,51,lockedCandidates,40,9,2,0,0,0,0,0,0
intermediate,285,31,55,lockedCandidates,40,10,5,0,0,0,0,0,0
intermediate,286,32,50,lockedCandidates,35,14,1,0,0,0,0,0,0
intermediate,287,32,50,lockedCandidates,45,4,1,0,0,0,0,0,0
intermediate,288,32,51,lockedCandidates,41,8,2,0,0,0,0,0,0
intermediate,289,32,50,lockedCandidates,35,14,1,0,0,0,0,0,0
intermediate,290,32,50,lockedCandidates,40,9,1,0,0,0,0,0,0
intermediate,291,31,52,lockedCandidates,41,9,2,0,0,0,0,0,0
intermediate,292,32,51,lockedCandidates,41,8,2,0,0,0,0,0,0
intermediate,293,32,51,lockedCandidates,39,10,2,0,0,0,0,0,0
intermediate,294,32,51,lockedCandidates,42,7,2,0,0,0,0,0,0
intermediate,295,32,50,lockedCandidates,46,3,1,0,0,0,0,0,0
intermediate,296,32,50,lockedCandidates,40,9,1,0,0,0,0,0,0
intermediate,297,32,51,lockedCandidates,39,10,2,0,0,0,0,0,0
intermediate,298,31,51,lockedCandidates,34,16,1,0,0,0,0,0,0
intermediate,299,32,50,lockedCandidates,37,12,1,0,0,0,0,0,0
intermediate,300,32,50,lockedCandidates,40,9,1,0,0,0,0,0,0
intermediate,301,31,52,lockedCandidates,37,13,2,0,0,0,0,0,0
intermediate,302,31,51,lockedCandidates,35,15,1,0,0,0,0,0,0
intermediate,303,32,50,lockedCandidates,45,4,1,0,0,0,0,0,0
intermediate,304,32,50,lockedCandidates,39,10,1,0,0,0,0,0,0
intermediate,305,31,55,lockedCandidates,41,9,5,0,0,0,0,0,0
intermediate,306,31,51,lockedCandidates,33,17,1,0,0,0,0,0,0
intermediate,307,32,51,lockedCandidates,38,11,2,0,0,0,0,0,0
intermediate,308,32,50,lockedCandidates,35,14,1,0,0,0,0,0,0
intermediate,309,31,51,lockedCandidates,42,8,1,0,0,0,0,0,0
intermediate,310,32,52,lockedCandidates,39,10,3,0,0,0,0,0,0
intermediate,311,31,51,lockedCandidates,35,15,1,0,0,0,0,0,0
intermediate,312,32,52,lockedCandidates,36,13,3,0,0,0,0,0,0
intermediate,313,31,51,lockedCandidates,42,8,1,0,0,0,0,0,0
intermediate,314,32,50,lockedCandidates,33,16,1,0,0,0,0,0,0
intermediate,315,31,53,lockedCandidates,45,5,3,0,0,0,0,0,0
intermediate,316,32,51,lockedCandidates,41,8,2,0,0,0,0,0,0
intermediate,317,32,52,lockedCandidates,32,17,3,0,0,0,0,0,0
intermediate,318,31,52,lockedCandidates,44,6,2,0,0,0,0,0,0
intermediate,319,32,50,lockedCandidates,35,14,1,0,0,0,0,0,0
intermediate,320,32,50,lockedCandidates,44,5,1,0,0,0,0,0,0
intermediate,321,32,50,lockedCandidates,36,13,1,0,0,0,0,0,0
intermediate,322,31,52,lockedCandidates,50,0,2,0,0,0,0,0,0
intermediate,323,32,51,lockedCandidates,46,3,2,0,0,0,0,0,0
intermediate,324,32,50,lockedCandidates,37,12,1,0,0,0,0,0,0
intermediate,325,32,52,lockedCandidates,36,13,3,0,0,0,0,0,0
intermediate,326,32,53,lockedCandidates,43,6,4,0,0,0,0,0,0
intermediate,327,31,51,lockedCandidates,41,9,1,0,0,0,0,0,0
intermediate,328,31,51,lockedCandidates,34,16,1,0,0,0,0,0,0
intermediate,329,32,51,lockedCandidates,43,6,2,0,0,0,0,0,0
intermediate,330,32,50,lockedCandidates,42,7,1,0,0,0,0,0,0
intermediate,331,31,51,lockedCandidates,41,9,1,0,0,0,0,0,0
intermediate,332,31,51,lockedCandidates,32,18,1,0,0,0,0,0,0
intermediate,333,31,52,lockedCandidates,36,14,2,0,0,0,0,0,0
intermediate,334,32,53,lockedCandidates,43,6,4,0,0,0,0,0,0
intermediate,335,32,54,lockedCandidates,39,10,5,0,0,0,0,0,0
intermediate,336,31,51,lockedCandidates,37,13,1,0,0,0,0,0,0
intermediate,337,32,50,lockedCandidates,45,4,1,0,0,0,0,0,0
intermediate,338,31,52,lockedCandidates,38,12,2,0,0,0,0,0,0
intermediate,339,31,52,lockedCandidates,41,9,2,0,0,0,0,0,0
intermediate,340,31,51,lockedCandidates,40,10,1,0,0,0,0,0,0
intermediate,341,32,52,lockedCandidates,35,14,3,0,0,0,0,0,0
intermediate,342,32,50,lockedCandidates,39,10,1,0,0,0,0,0,0
intermediate,343,32,52,lockedCandidates,36,13,3,0,0,0,0,0,0
intermediate,344,32,53,lockedCandidates,30,19,4,0,0,0,0,0,0
intermediate,345,32,52,lockedCandidates,43,6,3,0,0,0,0,0,0
intermediate,346,32,51,lockedCandidates,42,7,2,0,0,0,0,0,0
intermediate,347,31,54,lockedCandidates,40,10,4,0,0,0,0,0,0
intermediate,348,32,50,lockedCandidates,42,7,1,0,0,0,0,0,0
intermediate,349,32,50,lockedCandidates,36,13,1,0,0,0,0,0,0
intermediate,350,32,51,lockedCandidates,41,8,2,0,0,0,0,0,0
intermediate,351,32,52,lockedCandidates,39,10,3,0,0,0,0,0,0
intermediate,352,31,51,lockedCandidates,34,16,1,0,0,0,0,0,0
intermediate,353,32,50,lockedCandidates,42,7,1,0,0,0,0,0,0
intermediate,354,32,51,lockedCandidates,43,6,2,0,0,0,0,0,0
intermediate,355,31,54,lockedCandidates,42,8,4,0,0,0,0,0,0
intermediate,356,32,51,lockedCandidates,39,10,2,0,0,0,0,0,0
intermediate,357,31,53,lockedCandidates,41,9,3,0,0,0,0,0,0
intermediate,358,32,53,lockedCandidates,36,13,4,0,0,0,0,0,0
intermediate,359,32,50,lockedCandidates,38,11,1,0,0,0,0,0,0
intermediate,360,32,53,lockedCandidates,34,15,4,0,0,0,0,0,0
intermediate,361,31,51,lockedCandidates,39,11,1,0,0,0,0,0,0
intermediate,362,32,52,lockedCandidates,40,9,3,0,0,0,0,0,0
intermediate,363,31,51,lockedCandidates,44,6,1,0,0,0,0,0,0
intermediate,364,32,50,lockedCandidates,42,7,1,0,0,0,0,0,0
intermediate,365,32,52,lockedCandidates,43,6,3,0,0,0,0,0,0
intermediate,366,32,50,lockedCandidates,36,13,1,0,0,0,0,0,0
intermediate,367,31,51,lockedCandidates,45,5,1,0,0,0,0,0,0
intermediate,368,32,51,lockedCandidates,46,3,2,0,0,0,0,0,0
intermediate,369,32,51,lockedCandidates,36,13,2,0,0,0,0,0,0
intermediate,370,32,50,lockedCandidates,38,11,1,0,0,0,0,0,0
intermediate,371,32,50,lockedCandidates,46,3,1,0,0,0,0,0,0
intermediate,372,32,50,lockedCandidates,41,8,1,0,0,0,0,0,0
intermediate,373,33,50,lockedCandidates,35,13,2,0,0,0,0,0,0
intermediate,374,31,51,lockedCandidates,44,6,1,0,0,0,0,0,0
intermediate,375,32,50,lockedCandidates,35,14,1,0,0,0,0,0,0
intermediate,376,32,51,lockedCandidates,37,12,2,0,0,0,0,0,0
intermediate,377,32,51,lockedCandidates,28,21,2,0,0,0,0,0,0
intermediate,378,32,51,lockedCandidates,34,15,2,0,0,0,0,0,0
intermediate,379,32,50,lockedCandidates,38,11,1,0,0,0,0,0,0
intermediate,380,31,51,lockedCandidates,39,11,1,0,0,0,0,0,0
intermediate,381,31,51,lockedCandidates,35,15,1,0,0,0,0,0,0
intermediate,382,32,51,lockedCandidates,37,12,2,0,0,0,0,0,0
intermediate,383,31,51,lockedCandidates,43,7,1,0,0,0,0,0,0
intermediate,384,31,52,lockedCandidates,39,11,2,0,0,0,0,0,0
intermediate,385,32,52,lockedCandidates,42,7,3,0,0,0,0,0,0
intermediate,386,32,50,lockedCandidates,39,10,1,0,0,0,0,0,0
intermediate,387,32,51,lockedCandidates,29,20,2,0,0,0,0,0,0
intermediate,388,32,51,lockedCandidates,37,12,2,0,0,0,0,0,0
intermediate,389,32,55,lockedCandidates,39,10,6,0,0,0,0,0,0
intermediate,390,32,50,lockedCandidates,31,18,1,0,0,0,0,0,0
intermediate,391,32,50,lockedCandidates,38,11,1,0,0,0,0,0,0
intermediate,392,31,51,lockedCandidates,30,20,1,0,0,0,0,0,0
intermediate,393,32,55,lockedCandidates,33,16,6,0,0,0,0,0,0
intermediate,394,31,53,lockedCandidates,34,16,3,0,0,0,0,0,0
intermediate,395,32,50,lockedCandidates,32,17,1,0,0,0,0,0,0
intermediate,396,31,52,lockedCandidates,41,9,2,0,0,0,0,0,0
intermediate,397,31,53,lockedCandidates,34,16,3,0,0,0,0,0,0
intermediate,398,32,51,lockedCandidates,31,18,2,0,0,0,0,0,0
intermediate,399,31,52,lockedCandidates,33,17,2,0,0,0,0,0,0
intermediate,400,32,51,lockedCandidates,37,12,2,0,0,0,0,0,0
intermediate,401,32,50,lockedCandidates,41,8,1,0,0,0,0,0,0
intermediate,402,31,54,lockedCandidates,41,9,4,0,0,0,0,0,0
intermediate,403,32,50,lockedCandidates,37,12,1,0,0,0,0,0,0
intermediate,404,32,53,lockedCandidates,43,6,4,0,0,0,0,0,0
intermediate,405,32,51,lockedCandidates,42,7,2,0,0,0,0,0,0
intermediate,406,31,51,lockedCandidates,45,5,1,0,0,0,0,0,0
intermediate,407,31,53,lockedCandidates,37,13,3,0,0,0,0,0,0
intermediate,408,31,51,lockedCandidates,38,12,1,0,0,0,0,0,0
intermediate,409,31,52,lockedCandidates,45,5,2,0,0,0,0,0,0
intermediate,410,31,51,lockedCandidates,39,11,1,0,0,0,0,0,0
intermediate,411,32,50,lockedCandidates,42,7,1,0,0,0,0,0,0
intermediate,412,32,53,lockedCandidates,31,18,4,0,0,0,0,0,0
intermediate,413,32,50,lockedCandidates,37,12,1,0,0,0,0,0,0
intermediate,414,32,50,lockedCandidates,38,11,1,0,0,0,0,0,0
intermediate,415,32,51,lockedCandidates,36,13,2,0,0,0,0,0,0
intermediate,416,32,53,lockedCandidates,34,15,4,0,0,0,0,0,0
intermediate,417,31,54,lockedCandidates,43,7,4,0,0,0,0,0,0
intermediate,418,31,52,lockedCandidates,39,11,2,0,0,0,0,0,0
intermediate,419,31,51,lockedCandidates,39,11,1,0,0,0,0,0,0
intermediate,420,31,52,lockedCandidates,37,13,2,0,0,0,0,0,0
intermediate,421,32,50,lockedCandidates,46,3,1,0,0,0,0,0,0
intermediate,422,32,50,lockedCandidates,38,11,1,0,0,0,0,0,0
intermediate,423,32,50,lockedCandidates,41,8,1,0,0,0,0,0,0
intermediate,424,32,53,lockedCandidates,36,13,4,0,0,0,0,0,0
intermediate,425,32,51,lockedCandidates,42,7,2,0,0,0,0,0,0
intermediate,426,31,52,lockedCandidates,36,14,2,0,0,0,0,0,0
intermediate,427,32,51,lockedCandidates,42,7,2,0,0,0,0,0,0
intermediate,428,31,52,lockedCandidates,38,12,2,0,0,0,0,0,0
intermediate,429,32,53,lockedCandidates,38,11,4,0,0,0,0,0,0
intermediate,430,31,53,lockedCandidates,42,8,3,0,0,0,0,0,0
intermediate,431,32,51,lockedCandidates,44,5,2,0,0,0,0,0,0
intermediate,432,32,50,lockedCandidates,40,9,1,0,0,0,0,0,0
intermediate,433,31,52,lockedCandidates,34,16,2,0,0,0,0,0,0
intermediate,434,31,52,lockedCandidates,40,10,2,0,0,0,0,0,0
intermediate,435,32,51,lockedCandidates,38,11,2,0,0,0,0,0,0
intermediate,436,32,53,lockedCandidates,40,9,4,0,0,0,0,0,0
intermediate,437,31,52,lockedCandidates,37,13,2,0,0,0,0,0,0
intermediate,438,32,50,lockedCandidates,41,8,1,0,0,0,0,0,0
intermediate,439,31,53,lockedCandidates,40,10,3,0,0,0,0,0,0
intermediate,440,31,52,lockedCandidates,50,0,2,0,0,0,0,0,0
intermediate,441,32,51,lockedCandidates,37,12,2,0,0,0,0,0,0
intermediate,442,31,51,lockedCandidates,39,11,1,0,0,0,0,0,0
intermediate,443,31,53,lockedCandidates,39,11,3,0,0,0,0,0,0
intermediate,444,31,51,lockedCandidates,38,12,1,0,0,0,0,0,0
intermediate,445,31,52,lockedCandidates,37,13,2,0,0,0,0,0,0
intermediate,446,32,50,lockedCandidates,40,9,1,0,0,0,0,0,0
intermediate,447,31,51,lockedCandidates,43,7,1,0,0,0,0,0,0
intermediate,448,31,51,lockedCandidates,37,13,1,0,0,0,0,0,0
intermediate,449,32,50,lockedCandidates,37,12,1,0,0,0,0,0,0
intermediate,450,31,55,lockedCandidates,36,14,5,0,0,0,0,0,0
intermediate,451,32,50,lockedCandidates,28,21,1,0,0,0,0,0,0
intermediate,452,32,50,lockedCandidates,40,9,1,0,0,0,0,0,0
intermediate,453,32,51,lockedCandidates,39,10,2,0,0,0,0,0,0
intermediate,454,31,51,lockedCandidates,43,7,1,0,0,0,0,0,0
intermediate,455,32,52,lockedCandidates,38,11,3,0,0,0,0,0,0
intermediate,456,32,50,lockedCandidates,41,8,1,0,0,0,0,0,0
intermediate,457,31,51,lockedCandidates,42,8,1,0,0,0,0,0,0
intermediate,458,32,50,lockedCandidates,32,17,1,0,0,0,0,0,0
intermediate,459,32,51,lockedCandidates,41,8,2,0,0,0,0,0,0
intermediate,460,31,53,lockedCandidates,34,16,3,0,0,0,0,0,0
intermediate,461,31,53,lockedCandidates,39,11,3,0,0,0,0,0,0
intermediate,462,32,51,lockedCandidates,38,11,2,0,0,0,0,0,0
intermediate,463,32,50,lockedCandidates,36,13,1,0,0,0,0,0,0
intermediate,464,32,52,lockedCandidates,43,6,3,0,0,0,0,0,0
intermediate,465,32,51,lockedCandidates,35,14,2,0,0,0,0,0,0
intermediate,466,31,51,lockedCandidates,44,6,1,0,0,0,0,0,0
intermediate,467,32,52,lockedCandidates,37,12,3,0,0,0,0,0,0
intermediate,468,32,50,lockedCandidates,45,4,1,0,0,0,0,0,0
intermediate,469,32,50,lockedCandidates,37,12,1,0,0,0,0,0,0
intermediate,470,32,50,lockedCandidates,41,8,1,0,0,0,0,0,0
intermediate,471,32,52,lockedCandidates,42,7,3,0,0,0,0,0,0
intermediate,472,32,52,lockedCandidates,42,7,3,0,0,0,0,0,0
intermediate,473,32,51,lockedCandidates,32,17,2,0,0,0,0,0,0
intermediate,474,32,51,lockedCandidates,41,8,2,0,0,0,0,0,0
intermediate,475,32,51,lockedCandidates,37,12,2,0,0,0,0,0,0
intermediate,476,32,50,lockedCandidates,36,13,1,0,0,0,0,0,0
intermediate,477,31,54,lockedCandidates,37,13,4,0,0,0,0,0,0
intermediate,478,32,50,lockedCandidates,37,12,1,0,0,0,0,0,0
intermediate,479,32,51,lockedCandidates,42,7,2,0,0,0,0,0,0
intermediate,480,31,51,lockedCandidates,39,11,1,0,0,0,0,0,0
intermediate,481,31,51,lockedCandidates,43,7,1,0,0,0,0,0,0
intermediate,482,32,50,lockedCandidates,46,3,1,0,0,0,0,0,0
intermediate,483,32,52,lockedCandidates,42,7,3,0,0,0,0,0,0
intermediate,484,32,51,lockedCandidates,31,18,2,0,0,0,0,0,0
intermediate,485,31,51,lockedCandidates,35,15,1,0,0,0,0,0,0
intermediate,486,32,51,lockedCandidates,35,14,2,0,0,0,0,0,0
intermediate,487,31,51,lockedCandidates,37,13,1,0,0,0,0,0,0
intermediate,488,31,51,lockedCandidates,31,19,1,0,0,0,0,0,0
intermediate,489,32,50,lockedCandidates,42,7,1,0,0,0,0,0,0
intermediate,490,31,52,lockedCandidates,41,9,2,0,0,0,0,0,0
intermediate,491,32,50,lockedCandidates,35,14,1,0,0,0,0,0,0
intermediate,492,32,51,lockedCandidates,36,13,2,0,0,0,0,0,0
intermediate,493,31,53,lockedCandidates,36,14,3,0,0,0,0,0,0
intermediate,494,31,51,lockedCandidates,38,12,1,0,0,0,0,0,0
intermediate,495,32,51,lockedCandidates,38,11,2,0,0,0,0,0,0
intermediate,496,32,51,lockedCandidates,40,9,2,0,0,0,0,0,0
intermediate,497,32,51,lockedCandidates,39,10,2,0,0,0,0,0,0
intermediate,498,31,52,lockedCandidates,38,12,2,0,0,0,0,0,0
intermediate,499,31,51,lockedCandidates,43,7,1,0,0,0,0,0,0
intermediate,500,32,50,lockedCandidates,41,8,1,0,0,0,0,0,0
intermediate,501,31,51,lockedCandidates,35,15,1,0,0,0,0,0,0
intermediate,502,32,50,lockedCandidates,36,13,1,0,0,0,0,0,0
intermediate,503,31,51,lockedCandidates,44,6,1,0,0,0,0,0,0
intermediate,504,32,52,lockedCandidates,32,17,3,0,0,0,0,0,0
intermediate,505,32,50,lockedCandidates,42,7,1,0,0,0,0,0,0
intermediate,506,31,51,lockedCandidates,26,24,1,0,0,0,0,0,0
intermediate,507,32,50,lockedCandidates,45,4,1,0,0,0,0,0,0
intermediate,508,32,52,lockedCandidates,37,12,3,0,0,0,0,0,0
intermediate,509,32,51,lockedCandidates,39,10,2,0,0,0,0,0,0
intermediate,510,32,50,lockedCandidates,41,8,1,0,0,0,0,0,0
intermediate,511,32,50,lockedCandidates,44,5,1,0,0,0,0,0,0
intermediate,512,32,50,lockedCandidates,39,10,1,0,0,0,0,0,0
intermediate,513,31,51,lockedCandidates,35,15,1,0,0,0,0,0,0
intermediate,514,32,50,lockedCandidates,37,12,1,0,0,0,0,0,0
intermediate,515,32,50,lockedCandidates,39,10,1,0,0,0,0,0,0
intermediate,516,32,51,lockedCandidates,38,11,2,0,0,0,0,0,0
intermediate,517,31,53,lockedCandidates,45,5,3,0,0,0,0,0,0
intermediate,518,32,52,lockedCandidates,39,10,3,0,0,0,0,0,0
intermediate,519,31,51,lockedCandidates,38,12,1,0,0,0,0,0,0
intermediate,520,32,51,lockedCandidates,37,12,2,0,0,0,0,0,0
intermediate,521,31,51,lockedCandidates,35,15,1,0,0,0,0,0,0
intermediate,522,31,52,lockedCandidates,32,18,2,0,0,0,0,0,0
intermediate,523,32,50,lockedCandidates,38,11,1,0,0,0,0,0,0
intermediate,524,32,53,lockedCandidates,38,11,4,0,0,0,0,0,0
intermediate,525,32,51,lockedCandidates,46,3,2,0,0,0,0,0,0
intermediate,526,31,53,lockedCandidates,38,12,3,0,0,0,0,0,0
intermediate,527,32,51,lockedCandidates,42,7,2,0,0,0,0,0,0
intermediate,528,32,51,lockedCandidates,40,9,2,0,0,0,0,0,0
intermediate,529,31,51,lockedCandidates,32,18,1,0,0,0,0,0,0
intermediate,530,31,51,lockedCandidates,38,12,1,0,0,0,0,0,0
intermediate,531,31,51,lockedCandidates,31,19,1,0,0,0,0,0,0
intermediate,532,32,50,lockedCandidates,39,10,1,0,0,0,0,0,0
intermediate,533,32,53,lockedCandidates,40,9,4,0,0,0,0,0,0
intermediate,534,32,52,lockedCandidates,43,6,3,0,0,0,0,0,0
intermediate,535,31,54,lockedCandidates,39,11,4,0,0,0,0,0,0
intermediate,536,32,53,lockedCandidates,41,8,4,0,0,0,0,0,0
intermediate,537,31,51,lockedCandidates,39,11,1,0,0,0,0,0,0
intermediate,538,31,51,lockedCandidates,44,6,1,0,0,0,0,0,0
intermediate,539,31,53,lockedCandidates,43,7,3,0,0,0,0,0,0
intermediate,540,31,51,lockedCandidates,39,11,1,0,0,0,0,0,0
intermediate,541,32,51,lockedCandidates,39,10,2,0,0,0,0,0,0
intermediate,542,32,51,lockedCandidates,46,3,2,0,0,0,0,0,0
intermediate,543,31,51,lockedCandidates,40,10,1,0,0,0,0,0,0
intermediate,544,32,50,lockedCandidates,37,12,1,0,0,0,0,0,0
intermediate,545,31,53,lockedCandidates,30,20,3,0,0,0,0,0,0
intermediate,546,31,51,lockedCandidates,37,13,1,0,0,0,0,0,0
intermediate,547,31,51,lockedCandidates,36,14,1,0,0,0,0,0,0
intermediate,548,31,51,lockedCandidates,35,15,1,0,0,0,0,0,0
intermediate,549,32,56,lockedCandidates,40,9,7,0,0,0,0,0,0
intermediate,550,32,50,lockedCandidates,40,9,1,0,0,0,0,0,0
intermediate,551,32,50,lockedCandidates,41,8,1,0,0,0,0,0,0
intermediate,552,32,54,lockedCandidates,38,11,5,0,0,0,0,0,0
intermediate,553,31,51,lockedCandidates,36,14,1,0,0,0,0,0,0
intermediate,554,31,51,lockedCandidates,23,27,1,0,0,0,0,0,0
intermediate,555,32,51,lockedCandidates,38,11,2,0,0,0,0,0,0
intermediate,556,32,50,lockedCandidates,37,12,1,0,0,0,0,0,0
intermediate,557,31,52,lockedCandidates,41,9,2,0,0,0,0,0,0
intermediate,558,32,51,lockedCandidates,41,8,2,0,0,0,0,0,0
intermediate,559,32,53,lockedCandidates,40,9,4,0,0,0,0,0,0
intermediate,560,32,51,lockedCandidates,34,15,2,0,0,0,0,0,0
intermediate,561,31,55,lockedCandidates,35,15,5,0,0,0,0,0,0
intermediate,562,32,50,lockedCandidates,37,12,1,0,0,0,0,0,0
intermediate,563,31,51,lockedCandidates,43,7,1,0,0,0,0,0,0
intermediate,564,31,52,lockedCandidates,36,14,2,0,0,0,0,0,0
intermediate,565,32,50,lockedCandidates,31,18,1,0,0,0,0,0,0
intermediate,566,32,52,lockedCandidates,41,8,3,0,0,0,0,0,0
intermediate,567,32,51,lockedCandidates,42,7,2,0,0,0,0,0,0
intermediate,568,31,54,lockedCandidates,46,4,4,0,0,0,0,0,0
intermediate,569,31,51,lockedCandidates,34,16,1,0,0,0,0,0,0
intermediate,570,31,51,lockedCandidates,37,13,1,0,0,0,0,0,0
intermediate,571,32,52,lockedCandidates,42,7,3,0,0,0,0,0,0
intermediate,572,32,50,lockedCandidates,40,9,1,0,0,0,0,0,0
intermediate,573,32,50,lockedCandidates,36,13,1,0,0,0,0,0,0
intermediate,574,31,53,lockedCandidates,37,13,3,0,0,0,0,0,0
intermediate,575,31,51,lockedCandidates,43,7,1,0,0,0,0,0,0
intermediate,576,32,50,lockedCandidates,35,14,1,0,0,0,0,0,0
intermediate,577,32,51,lockedCandidates,41,8,2,0,0,0,0,0,0
intermediate,578,31,52,lockedCandidates,33,17,2,0,0,0,0,0,0
intermediate,579,32,50,lockedCandidates,41,8,1,0,0,0,0,0,0
intermediate,580,32,50,lockedCandidates,42,7,1,0,0,0,0,0,0
intermediate,581,31,51,lockedCandidates,42,8,1,0,0,0,0,0,0
intermediate,582,32,51,lockedCandidates,32,17,2,0,0,0,0,0,0
intermediate,583,31,52,lockedCandidates,38,12,2,0,0,0,0,0,0
intermediate,584,32,53,lockedCandidates,46,3,4,0,0,0,0,0,0
intermediate,585,32,51,lockedCandidates,31,18,2,0,0,0,0,0,0
intermediate,586,32,52,lockedCandidates,39,10,3,0,0,0,0,0,0
intermediate,587,31,51,lockedCandidates,43,7,1,0,0,0,0,0,0
intermediate,588,31,51,lockedCandidates,33,17,1,0,0,0,0,0,0
intermediate,589,31,53,lockedCandidates,42,8,3,0,0,0,0,0,0
intermediate,590,32,52,lockedCandidates,40,9,3,0,0,0,0,0,0
intermediate,591,32,50,lockedCandidates,36,13,1,0,0,0,0,0,0
intermediate,592,32,50,lockedCandidates,36,13,1,0,0,0,0,0,0
intermediate,593,32,50,lockedCandidates,36,13,1,0,0,0,0,0,0
intermediate,594,31,51,lockedCandidates,39,11,1,0,0,0,0,0,0
intermediate,595,32,50,lockedCandidates,29,20,1,0,0,0,0,0,0
intermediate,596,32,50,lockedCandidates,37,12,1,0,0,0,0,0,0
intermediate,597,31,55,lockedCandidates,39,11,5,0,0,0,0,0,0
intermediate,598,32,50,lockedCandidates,41,8,1,0,0,0,0,0,0
intermediate,599,32,50,lockedCandidates,41,8,1,0,0,0,0,0,0
intermediate,600,32,51,lockedCandidates,35,14,2,0,0,0,0,0,0
intermediate,601,31,52,lockedCandidates,41,9,2,0,0,0,0,0,0
intermediate,602,32,51,lockedCandidates,34,15,2,0,0,0,0,0,0
intermediate,603,32,53,lockedCandidates,38,11,4,0,0,0,0,0,0
intermediate,604,31,55,lockedCandidates,39,11,5,0,0,0,0,0,0
intermediate,605,32,51,lockedCandidates,41,8,2,0,0,0,0,0,0
intermediate,606,32,50,lockedCandidates,37,12,1,0,0,0,0,0,0
intermediate,607,31,51,lockedCandidates,43,7,1,0,0,0,0,0,0
intermediate,608,32,51,lockedCandidates,42,7,2,0,0,0,0,0,0
intermediate,609,31,51,lockedCandidates,37,13,1,0,0,0,0,0,0
intermediate,610,31,54,lockedCandidates,40,10,4,0,0,0,0,0,0
intermediate,611,32,50,lockedCandidates,44,5,1,0,0,0,0,0,0
intermediate,612,31,51,lockedCandidates,33,17,1,0,0,0,0,0,0
intermediate,613,32,51,lockedCandidates,44,5,2,0,0,0,0,0,0
intermediate,614,32,53,lockedCandidates,42,7,4,0,0,0,0,0,0
intermediate,615,32,51,lockedCandidates,36,13,2,0,0,0,0,0,0
intermediate,616,32,50,lockedCandidates,42,7,1,0,0,0,0,0,0
intermediate,617,32,51,lockedCandidates,30,19,2,0,0,0,0,0,0
intermediate,618,31,51,lockedCandidates,37,13,1,0,0,0,0,0,0
intermediate,619,32,50,lockedCandidates,41,8,1,0,0,0,0,0,0
intermediate,620,32,51,lockedCandidates,39,10,2,0,0,0,0,0,0
intermediate,621,32,50,lockedCandidates,34,15,1,0,0,0,0,0,0
intermediate,622,32,57,lockedCandidates,37,12,8,0,0,0,0,0,0
intermediate,623,31,55,lockedCandidates,39,11,5,0,0,0,0,0,0
intermediate,624,31,51,lockedCandidates,38,12,1,0,0,0,0,0,0
intermediate,625,31,55,lockedCandidates,37,13,5,0,0,0,0,0,0
intermediate,626,32,52,lockedCandidates,42,7,3,0,0,0,0,0,0
intermediate,627,32,52,lockedCandidates,39,10,3,0,0,0,0,0,0
intermediate,628,31,58,lockedCandidates,40,10,8,0,0,0,0,0,0
intermediate,629,32,50,lockedCandidates,30,19,1,0,0,0,0,0,0
intermediate,630,32,56,lockedCandidates,36,13,7,0,0,0,0,0,0
intermediate,631,31,54,lockedCandidates,43,7,4,0,0,0,0,0,0
intermediate,632,31,51,lockedCandidates,39,11,1,0,0,0,0,0,0
intermediate,633,31,51,lockedCandidates,37,13,1,0,0,0,0,0,0
intermediate,634,31,51,lockedCandidates,38,12,1,0,0,0,0,0,0
intermediate,635,31,52,lockedCandidates,38,12,2,0,0,0,0,0,0
intermediate,636,31,51,lockedCandidates,44,6,1,0,0,0,0,0,0
intermediate,637,31,52,lockedCandidates,40,10,2,0,0,0,0,0,0
intermediate,638,32,51,lockedCandidates,35,14,2,0,0,0,0,0,0
intermediate,639,32,55,lockedCandidates,40,9,6,0,0,0,0,0,0
intermediate,640,31,52,lockedCandidates,34,16,2,0,0,0,0,0,0
intermediate,641,31,51,lockedCandidates,34,16,1,0,0,0,0,0,0
intermediate,642,31,55,lockedCandidates,33,17,5,0,0,0,0,0,0
intermediate,643,32,50,lockedCandidates,46,3,1,0,0,0,0,0,0
intermediate,644,31,54,lockedCandidates,35,15,4,0,0,0,0,0,0
intermediate,645,31,53,lockedCandidates,33,17,3,0,0,0,0,0,0
intermediate,646,32,52,lockedCandidates,42,7,3,0,0,0,0,0,0
intermediate,647,31,54,lockedCandidates,44,6,4,0,0,0,0,0,0
intermediate,648,32,50,lockedCandidates,38,11,1,0,0,0,0,0,0
intermediate,649,31,53,lockedCandidates,47,3,3,0,0,0,0,0,0
intermediate,650,32,52,lockedCandidates,38,11,3,0,0,0,0,0,0
intermediate,651,32,52,lockedCandidates,45,4,3,0,0,0,0,0,0
intermediate,652,32,51,lockedCandidates,38,11,2,0,0,0,0,0,0
intermediate,653,32,51,lockedCandidates,42,7,2,0,0,0,0,0,0
intermediate,654,31,52,lockedCandidates,35,15,2,0,0,0,0,0,0
intermediate,655,32,50,lockedCandidates,41,8,1,0,0,0,0,0,0
intermediate,656,32,53,lockedCandidates,40,9,4,0,0,0,0,0,0
intermediate,657,32,50,lockedCandidates,29,20,1,0,0,0,0,0,0
intermediate,658,31,51,lockedCandidates,37,13,1,0,0,0,0,0,0
intermediate,659,31,52,lockedCandidates,44,6,2,0,0,0,0,0,0
intermediate,660,31,51,lockedCandidates,38,12,1,0,0,0,0,0,0
intermediate,661,31,51,lockedCandidates,38,12,1,0,0,0,0,0,0
intermediate,662,32,50,lockedCandidates,35,14,1,0,0,0,0,0,0
intermediate,663,31,52,lockedCandidates,31,19,2,0,0,0,0,0,0
intermediate,664,32,51,lockedCandidates,37,12,2,0,0,0,0,0,0
intermediate,665,31,52,lockedCandidates,44,6,2,0,0,0,0,0,0
intermediate,666,32,52,lockedCandidates,36,13,3,0,0,0,0,0,0
intermediate,667,31,53,lockedCandidates,44,6,3,0,0,0,0,0,0
intermediate,668,32,51,lockedCandidates,31,18,2,0,0,0,0,0,0
intermediate,669,32,51,lockedCandidates,40,9,2,0,0,0,0,0,0
intermediate,670,31,51,lockedCandidates,45,5,1,0,0,0,0,0,0
intermediate,671,32,54,lockedCandidates,39,10,5,0,0,0,0,0,0
intermediate,672,32,50,lockedCandidates,34,15,1,0,0,0,0,0,0
intermediate,673,32,52,lockedCandidates,38,11,3,0,0,0,0,0,0
intermediate,674,31,51,lockedCandidates,33,17,1,0,0,0,0,0,0
intermediate,675,32,50,lockedCandidates,36,13,1,0,0,0,0,0,0
intermediate,676,32,50,lockedCandidates,34,15,1,0,0,0,0,0,0
intermediate,677,31,56,lockedCandidates,38,12,6,0,0,0,0,0,0
intermediate,678,32,52,lockedCandidates,38,11,3,0,0,0,0,0,0
intermediate,679,32,50,lockedCandidates,34,15,1,0,0,0,0,0,0
intermediate,680,31,52,lockedCandidates,41,9,2,0,0,0,0,0,0
intermediate,681,32,50,lockedCandidates,32,17,1,0,0,0,0,0,0
intermediate,682,31,51,lockedCandidates,31,19,1,0,0,0,0,0,0
intermediate,683,32,53,lockedCandidates,46,3,4,0,0,0,0,0,0
intermediate,684,32,52,lockedCandidates,39,10,3,0,0,0,0,0,0
intermediate,685,32,50,lockedCandidates,43,6,1,0,0,0,0,0,0
intermediate,686,32,50,lockedCandidates,39,10,1,0,0,0,0,0,0
intermediate,687,31,51,lockedCandidates,34,16,1,0,0,0,0,0,0
intermediate,688,32,50,lockedCandidates,27,22,1,0,0,0,0,0,0
intermediate,689,31,52,lockedCandidates,42,8,2,0,0,0,0,0,0
intermediate,690,31,52,lockedCandidates,38,12,2,0,0,0,0,0,0
intermediate,691,31,51,lockedCandidates,40,10,1,0,0,0,0,0,0
intermediate,692,32,51,lockedCandidates,39,10,2,0,0,0,0,0,0
intermediate,693,32,51,lockedCandidates,40,9,2,0,0,0,0,0,0
intermediate,694,32,55,lockedCandidates,38,11,6,0,0,0,0,0,0
intermediate,695,31,53,lockedCandidates,45,5,3,0,0,0,0,0,0
intermediate,696,32,51,lockedCandidates,37,12,2,0,0,0,0,0,0
intermediate,697,32,51,lockedCandidates,32,17,2,0,0,0,0,0,0
intermediate,698,32,50,lockedCandidates,47,2,1,0,0,0,0,0,0
intermediate,699,32,52,lockedCandidates,37,12,3,0,0,0,0,0,0
intermediate,700,32,51,lockedCandidates,43,6,2,0,0,0,0,0,0
intermediate,701,32,50,lockedCandidates,41,8,1,0,0,0,0,0,0
intermediate,702,32,51,lockedCandidates,36,13,2,0,0,0,0,0,0
intermediate,703,32,50,lockedCandidates,49,0,1,0,0,0,0,0,0
intermediate,704,32,52,lockedCandidates,36,13,3,0,0,0,0,0,0
intermediate,705,32,50,lockedCandidates,40,9,1,0,0,0,0,0,0
intermediate,706,31,51,lockedCandidates,37,13,1,0,0,0,0,0,0
intermediate,707,31,52,lockedCandidates,32,18,2,0,0,0,0,0,0
intermediate,708,31,51,lockedCandidates,40,10,1,0,0,0,0,0,0
intermediate,709,32,50,lockedCandidates,40,9,1,0,0,0,0,0,0
intermediate,710,32,51,lockedCandidates,27,22,2,0,0,0,0,0,0
intermediate,711,32,52,lockedCandidates,43,6,3,0,0,0,0,0,0
intermediate,712,31,51,lockedCandidates,29,21,1,0,0,0,0,0,0
intermediate,713,32,51,lockedCandidates,34,15,2,0,0,0,0,0,0
intermediate,714,32,51,lockedCandidates,37,12,2,0,0,0,0,0,0
intermediate,715,32,50,lockedCandidates,38,11,1,0,0,0,0,0,0
intermediate,716,32,50,lockedCandidates,43,6,1,0,0,0,0,0,0
intermediate,717,32,50,lockedCandidates,35,14,1,0,0,0,0,0,0
intermediate,718,32,51,lockedCandidates,37,12,2,0,0,0,0,0,0
intermediate,719,31,51,lockedCandidates,33,17,1,0,0,0,0,0,0
intermediate,720,31,55,lockedCandidates,35,15,5,0,0,0,0,0,0
intermediate,721,31,53,lockedCandidates,43,7,3,0,0,0,0,0,0
intermediate,722,32,51,lockedCandidates,39,10,2,0,0,0,0,0,0
intermediate,723,31,51,lockedCandidates,44,6,1,0,0,0,0,0,0
intermediate,724,32,50,lockedCandidates,41,8,1,0,0,0,0,0,0
intermediate,725,31,51,lockedCandidates,47,3,1,0,0,0,0,0,0
intermediate,726,32,52,lockedCandidates,37,12,3,0,0,0,0,0,0
intermediate,727,31,52,lockedCandidates,36,14,2,0,0,0,0,0,0
intermediate,728,32,50,lockedCandidates,37,12,1,0,0,0,0,0,0
intermediate,729,32,51,lockedCandidates,47,2,2,0,0,0,0,0,0
intermediate,730,32,50,lockedCandidates,29,20,1,0,0,0,0,0,0
intermediate,731,32,55,lockedCandidates,38,11,6,0,0,0,0,0,0
intermediate,732,32,51,lockedCandidates,37,12,2,0,0,0,0,0,0
intermediate,733,32,51,lockedCandidates,35,14,2,0,0,0,0,0,0
intermediate,734,31,51,lockedCandidates,47,3,1,0,0,0,0,0,0
intermediate,735,31,53,lockedCandidates,41,9,3,0,0,0,0,0,0
intermediate,736,32,50,lockedCandidates,32,17,1,0,0,0,0,0,0
intermediate,737,32,52,lockedCandidates,29,20,3,0,0,0,0,0,0
intermediate,738,32,50,lockedCandidates,41,8,1,0,0,0,0,0,0
intermediate,739,32,51,lockedCandidates,40,9,2,0,0,0,0,0,0
intermediate,740,31,51,lockedCandidates,41,9,1,0,0,0,0,0,0
intermediate,741,32,50,lockedCandidates,34,15,1,0,0,0,0,0,0
intermediate,742,32,52,lockedCandidates,39,10,3,0,0,0,0,0,0
intermediate,743,31,51,lockedCandidates,47,3,1,0,0,0,0,0,0
intermediate,744,31,52,lockedCandidates,38,12,2,0,0,0,0,0,0
intermediate,745,32,51,lockedCandidates,36,13,2,0,0,0,0,0,0
intermediate,746,32,50,lockedCandidates,41,8,1,0,0,0,0,0,0
intermediate,747,32,52,lockedCandidates,39,10,3,0,0,0,0,0,0
intermediate,748,31,52,lockedCandidates,39,11,2,0,0,0,0,0,0
intermediate,749,31,52,lockedCandidates,38,12,2,0,0,0,0,0,0
intermediate,750,32,52,lockedCandidates,41,8,3,0,0,0,0,0,0
intermediate,751,32,54,lockedCandidates,43,6,5,0,0,0,0,0,0
intermediate,752,31,51,lockedCandidates,47,3,1,0,0,0,0,0,0
intermediate,753,32,50,lockedCandidates,40,9,1,0,0,0,0,0,0
intermediate,754,32,50,lockedCandidates,43,6,1,0,0,0,0,0,0
intermediate,755,32,53,lockedCandidates,37,12,4,0,0,0,0,0,0
intermediate,756,32,52,lockedCandidates,41,8,3,0,0,0,0,0,0
intermediate,757,32,51,lockedCandidates,38,11,2,0,0,0,0,0,0
intermediate,758,31,51,lockedCandidates,33,17,1,0,0,0,0,0,0
intermediate,759,31,51,lockedCandidates,37,13,1,0,0,0,0,0,0
intermediate,760,31,51,lockedCandidates,37,13,1,0,0,0,0,0,0
intermediate,761,32,50,lockedCandidates,35,14,1,0,0,0,0,0,0
intermediate,762,31,53,lockedCandidates,42,8,3,0,0,0,0,0,0
intermediate,763,32,51,lockedCandidates,40,9,2,0,0,0,0,0,0
intermediate,764,32,51,lockedCandidates,41,8,2,0,0,0,0,0,0
intermediate,765,32,50,lockedCandidates,40,9,1,0,0,0,0,0,0
intermediate,766,31,54,lockedCandidates,39,11,4,0,0,0,0,0,0
intermediate,767,31,53,lockedCandidates,41,9,3,0,0,0,0,0,0
intermediate,768,32,50,lockedCandidates,39,10,1,0,0,0,0,0,0
intermediate,769,32,52,lockedCandidates,38,11,3,0,0,0,0,0,0
intermediate,770,32,50,lockedCandidates,42,7,1,0,0,0,0,0,0
intermediate,771,32,50,lockedCandidates,43,6,1,0,0,0,0,0,0
intermediate,772,32,53,lockedCandidates,36,13,4,0,0,0,0,0,0
intermediate,773,32,50,lockedCandidates,32,17,1,0,0,0,0,0,0
intermediate,774,32,50,lockedCandidates,43,6,1,0,0,0,0,0,0
intermediate,775,31,54,lockedCandidates,35,15,4,0,0,0,0,0,0
intermediate,776,31,51,lockedCandidates,37,13,1,0,0,0,0,0,0
intermediate,777,32,50,lockedCandidates,40,9,1,0,0,0,0,0,0
intermediate,778,31,53,lockedCandidates,36,14,3,0,0,0,0,0,0
intermediate,779,32,51,lockedCandidates,43,6,2,0,0,0,0,0,0
intermediate,780,32,50,lockedCandidates,40,9,1,0,0,0,0,0,0
intermediate,781,32,53,lockedCandidates,35,14,4,0,0,0,0,0,0
intermediate,782,32,50,lockedCandidates,39,10,1,0,0,0,0,0,0
intermediate,783,31,53,lockedCandidates,42,8,3,0,0,0,0,0,0
intermediate,784,32,52,lockedCandidates,38,11,3,0,0,0,0,0,0
intermediate,785,32,50,lockedCandidates,33,16,1,0,0,0,0,0,0
intermediate,786,32,51,lockedCandidates,31,18,2,0,0,0,0,0,0
intermediate,787,32,50,lockedCandidates,33,16,1,0,0,0,0,0,0
intermediate,788,32,50,lockedCandidates,44,5,1,0,0,0,0,0,0
intermediate,789,31,52,lockedCandidates,41,9,2,0,0,0,0,0,0
intermediate,790,32,50,lockedCandidates,35,14,1,0,0,0,0,0,0
intermediate,791,31,51,lockedCandidates,39,11,1,0,0,0,0,0,0
intermediate,792,32,51,lockedCandidates,39,10,2,0,0,0,0,0,0
intermediate,793,31,52,lockedCandidates,29,21,2,0,0,0,0,0,0
intermediate,794,32,51,lockedCandidates,30,19,2,0,0,0,0,0,0
intermediate,795,32,52,lockedCandidates,45,4,3,0,0,0,0,0,0
intermediate,796,32,50,lockedCandidates,41,8,1,0,0,0,0,0,0
intermediate,797,32,51,lockedCandidates,32,17,2,0,0,0,0,0,0
intermediate,798,32,50,lockedCandidates,44,5,1,0,0,0,0,0,0
intermediate,799,31,54,lockedCandidates,34,16,4,0,0,0,0,0,0
intermediate,800,32,50,lockedCandidates,36,13,1,0,0,0,0,0,0
intermediate,801,32,50,lockedCandidates,36,13,1,0,0,0,0,0,0
intermediate,802,32,51,lockedCandidates,34,15,2,0,0,0,0,0,0
intermediate,803,32,53,lockedCandidates,38,11,4,0,0,0,0,0,0
intermediate,804,32,51,lockedCandidates,39,10,2,0,0,0,0,0,0
intermediate,805,31,59,lockedCandidates,43,7,9,0,0,0,0,0,0
intermediate,806,31,53,lockedCandidates,38,12,3,0,0,0,0,0,0
intermediate,807,31,51,lockedCandidates,36,14,1,0,0,0,0,0,0
intermediate,808,31,52,lockedCandidates,41,9,2,0,0,0,0,0,0
intermediate,809,32,50,lockedCandidates,40,9,1,0,0,0,0,0,0
intermediate,810,31,51,lockedCandidates,41,9,1,0,0,0,0,0,0
intermediate,811,31,51,lockedCandidates,38,12,1,0,0,0,0,0,0
intermediate,812,32,51,lockedCandidates,40,9,2,0,0,0,0,0,0
intermediate,813,31,51,lockedCandidates,35,15,1,0,0,0,0,0,0
intermediate,814,32,51,lockedCandidates,35,14,2,0,0,0,0,0,0
intermediate,815,32,50,lockedCandidates,39,10,1,0,0,0,0,0,0
intermediate,816,32,51,lockedCandidates,33,16,2,0,0,0,0,0,0
intermediate,817,31,51,lockedCandidates,34,16,1,0,0,0,0,0,0
intermediate,818,32,53,lockedCandidates,44,5,4,0,0,0,0,0,0
intermediate,819,32,51,lockedCandidates,34,15,2,0,0,0,0,0,0
intermediate,820,31,51,lockedCandidates,31,19,1,0,0,0,0,0,0
intermediate,821,32,50,lockedCandidates,36,13,1,0,0,0,0,0,0
intermediate,822,31,52,lockedCandidates,35,15,2,0,0,0,0,0,0
intermediate,823,32,51,lockedCandidates,36,13,2,0,0,0,0,0,0
intermediate,824,32,50,lockedCandidates,40,9,1,0,0,0,0,0,0
intermediate,825,32,52,lockedCandidates,42,7,3,0,0,0,0,0,0
intermediate,826,31,58,lockedCandidates,35,15,8,0,0,0,0,0,0
intermediate,827,31,53,lockedCandidates,46,4,3,0,0,0,0,0,0
intermediate,828,32,50,lockedCandidates,32,17,1,0,0,0,0,0,0
intermediate,829,32,51,lockedCandidates,36,13,2,0,0,0,0,0,0
intermediate,830,32,50,lockedCandidates,43,6,1,0,0,0,0,0,0
intermediate,831,32,50,lockedCandidates,42,7,1,0,0,0,0,0,0
intermediate,832,32,51,lockedCandidates,40,9,2,0,0,0,0,0,0
intermediate,833,31,52,lockedCandidates,43,7,2,0,0,0,0,0,0
intermediate,834,32,51,lockedCandidates,41,8,2,0,0,0,0,0,0
intermediate,835,31,52,lockedCandidates,41,9,2,0,0,0,0,0,0
intermediate,836,32,51,lockedCandidates,38,11,2,0,0,0,0,0,0
intermediate,837,31,53,lockedCandidates,39,11,3,0,0,0,0,0,0
intermediate,838,32,50,lockedCandidates,34,15,1,0,0,0,0,0,0
intermediate,839,31,51,lockedCandidates,37,13,1,0,0,0,0,0,0
intermediate,840,32,50,lockedCandidates,42,7,1,0,0,0,0,0,0
intermediate,841,32,51,lockedCandidates,44,5,2,0,0,0,0,0,0
intermediate,842,32,50,lockedCandidates,36,13,1,0,0,0,0,0,0
intermediate,843,32,52,lockedCandidates,24,25,3,0,0,0,0,0,0
intermediate,844,31,53,lockedCandidates,38,12,3,0,0,0,0,0,0
intermediate,845,32,50,lockedCandidates,40,9,1,0,0,0,0,0,0
intermediate,846,31,52,lockedCandidates,47,3,2,0,0,0,0,0,0
intermediate,847,32,51,lockedCandidates,38,11,2,0,0,0,0,0,0
intermediate,848,31,55,lockedCandidates,37,13,5,0,0,0,0,0,0
intermediate,849,32,51,lockedCandidates,41,8,2,0,0,0,0,0,0
intermediate,850,32,52,lockedCandidates,38,11,3,0,0,0,0,0,0
intermediate,851,32,53,lockedCandidates,41,8,4,0,0,0,0,0,0
intermediate,852,32,50,lockedCandidates,40,9,1,0,0,0,0,0,0
intermediate,853,32,50,lockedCandidates,38,11,1,0,0,0,0,0,0
intermediate,854,32,52,lockedCandidates,29,20,3,0,0,0,0,0,0
intermediate,855,32,51,lockedCandidates,34,15,2,0,0,0,0,0,0
intermediate,856,31,51,lockedCandidates,40,10,1,0,0,0,0,0,0
intermediate,857,32,52,lockedCandidates,39,10,3,0,0,0,0,0,0
intermediate,858,31,52,lockedCandidates,32,18,2,0,0,0,0,0,0
intermediate,859,32,50,lockedCandidates,41,8,1,0,0,0,0,0,0
intermediate,860,32,52,lockedCandidates,36,13,3,0,0,0,0,0,0
intermediate,861,32,50,lockedCandidates,37,12,1,0,0,0,0,0,0
intermediate,862,31,51,lockedCandidates,45,5,1,0,0,0,0,0,0
intermediate,863,31,52,lockedCandidates,45,5,2,0,0,0,0,0,0
intermediate,864,31,51,lockedCandidates,44,6,1,0,0,0,0,0,0
intermediate,865,31,56,lockedCandidates,39,11,6,0,0,0,0,0,0
intermediate,866,31,52,lockedCandidates,35,15,2,0,0,0,0,0,0
intermediate,867,31,52,lockedCandidates,36,14,2,0,0,0,0,0,0
intermediate,868,32,54,lockedCandidates,41,8,5,0,0,0,0,0,0
intermediate,869,31,51,lockedCandidates,49,1,1,0,0,0,0,0,0
intermediate,870,31,53,lockedCandidates,35,15,3,0,0,0,0,0,0
intermediate,871,32,51,lockedCandidates,39,10,2,0,0,0,0,0,0
intermediate,872,31,51,lockedCandidates,37,13,1,0,0,0,0,0,0
intermediate,873,31,54,lockedCandidates,45,5,4,0,0,0,0,0,0
intermediate,874,31,52,lockedCandidates,45,5,2,0,0,0,0,0,0
intermediate,875,31,51,lockedCandidates,43,7,1,0,0,0,0,0,0
intermediate,876,32,53,lockedCandidates,39,10,4,0,0,0,0,0,0
intermediate,877,31,51,lockedCandidates,42,8,1,0,0,0,0,0,0
intermediate,878,32,50,lockedCandidates,38,11,1,0,0,0,0,0,0
intermediate,879,32,51,lockedCandidates,44,5,2,0,0,0,0,0,0
intermediate,880,32,50,lockedCandidates,40,9,1,0,0,0,0,0,0
intermediate,881,32,51,lockedCandidates,41,8,2,0,0,0,0,0,0
intermediate,882,31,53,lockedCandidates,39,11,3,0,0,0,0,0,0
intermediate,883,31,51,lockedCandidates,40,10,1,0,0,0,0,0,0
intermediate,884,32,50,lockedCandidates,41,8,1,0,0,0,0,0,0
intermediate,885,32,51,lockedCandidates,37,12,2,0,0,0,0,0,0
intermediate,886,32,50,lockedCandidates,41,8,1,0,0,0,0,0,0
intermediate,887,31,51,lockedCandidates,31,19,1,0,0,0,0,0,0
intermediate,888,31,51,lockedCandidates,42,8,1,0,0,0,0,0,0
intermediate,889,32,50,lockedCandidates,45,4,1,0,0,0,0,0,0
intermediate,890,32,52,lockedCandidates,37,12,3,0,0,0,0,0,0
intermediate,891,31,55,lockedCandidates,35,15,5,0,0,0,0,0,0
intermediate,892,31,52,lockedCandidates,39,11,2,0,0,0,0,0,0
intermediate,893,32,53,lockedCandidates,43,6,4,0,0,0,0,0,0
intermediate,894,32,50,lockedCandidates,31,18,1,0,0,0,0,0,0
intermediate,895,31,51,lockedCandidates,44,6,1,0,0,0,0,0,0
intermediate,896,32,51,lockedCandidates,37,12,2,0,0,0,0,0,0
intermediate,897,31,52,lockedCandidates,43,7,2,0,0,0,0,0,0
intermediate,898,32,50,lockedCandidates,38,11,1,0,0,0,0,0,0
intermediate,899,32,50,lockedCandidates,41,8,1,0,0,0,0,0,0
intermediate,900,32,52,lockedCandidates,34,15,3,0,0,0,0,0,0
intermediate,901,32,50,lockedCandidates,40,9,1,0,0,0,0,0,0
intermediate,902,32,50,lockedCandidates,45,4,1,0,0,0,0,0,0
intermediate,903,32,50,lockedCandidates,38,11,1,0,0,0,0,0,0
intermediate,904,32,52,lockedCandidates,26,23,3,0,0,0,0,0,0
intermediate,905,32,51,lockedCandidates,37,12,2,0,0,0,0,0,0
intermediate,906,32,51,lockedCandidates,43,6,2,0,0,0,0,0,0
intermediate,907,32,50,lockedCandidates,38,11,1,0,0,0,0,0,0
intermediate,908,32,52,lockedCandidates,39,10,3,0,0,0,0,0,0
intermediate,909,31,54,lockedCandidates,38,12,4,0,0,0,0,0,0
intermediate,910,31,55,lockedCandidates,33,17,5,0,0,0,0,0,0
intermediate,911,32,53,lockedCandidates,40,9,4,0,0,0,0,0,0
intermediate,912,32,50,lockedCandidates,47,2,1,0,0,0,0,0,0
intermediate,913,31,51,lockedCandidates,38,12,1,0,0,0,0,0,0
intermediate,914,32,53,lockedCandidates,34,15,4,0,0,0,0,0,0
intermediate,915,32,53,lockedCandidates,40,9,4,0,0,0,0,0,0
intermediate,916,31,52,lockedCandidates,41,9,2,0,0,0,0,0,0
intermediate,917,31,53,lockedCandidates,37,13,3,0,0,0,0,0,0
intermediate,918,31,54,lockedCandidates,37,13,4,0,0,0,0,0,0
intermediate,919,31,53,lockedCandidates,40,10,3,0,0,0,0,0,0
intermediate,920,31,52,lockedCandidates,37,13,2,0,0,0,0,0,0
intermediate,921,31,52,lockedCandidates,40,10,2,0,0,0,0,0,0
intermediate,922,31,51,lockedCandidates,41,9,1,0,0,0,0,0,0
intermediate,923,32,50,lockedCandidates,48,1,1,0,0,0,0,0,0
intermediate,924,31,52,lockedCandidates,46,4,2,0,0,0,0,0,0
intermediate,925,32,53,lockedCandidates,38,11,4,0,0,0,0,0,0
intermediate,926,31,52,lockedCandidates,40,10,2,0,0,0,0,0,0
intermediate,927,32,52,lockedCandidates,45,4,3,0,0,0,0,0,0
intermediate,928,32,52,lockedCandidates,39,10,3,0,0,0,0,0,0
intermediate,929,32,51,lockedCandidates,44,5,2,0,0,0,0,0,0
intermediate,930,31,52,lockedCandidates,37,13,2,0,0,0,0,0,0
intermediate,931,31,52,lockedCandidates,36,14,2,0,0,0,0,0,0
intermediate,932,31,53,lockedCandidates,44,6,3,0,0,0,0,0,0
intermediate,933,32,50,lockedCandidates,38,11,1,0,0,0,0,0,0
intermediate,934,31,52,lockedCandidates,41,9,2,0,0,0,0,0,0
intermediate,935,31,51,lockedCandidates,40,10,1,0,0,0,0,0,0
intermediate,936,31,55,lockedCandidates,42,8,5,0,0,0,0,0,0
intermediate,937,32,50,lockedCandidates,41,8,1,0,0,0,0,0,0
intermediate,938,31,51,lockedCandidates,46,4,1,0,0,0,0,0,0
intermediate,939,31,51,lockedCandidates,40,10,1,0,0,0,0,0,0
intermediate,940,32,50,lockedCandidates,29,20,1,0,0,0,0,0,0
intermediate,941,32,52,lockedCandidates,40,9,3,0,0,0,0,0,0
intermediate,942,33,49,lockedCandidates,30,18,1,0,0,0,0,0,0
intermediate,943,32,52,lockedCandidates,32,17,3,0,0,0,0,0,0
intermediate,944,32,50,lockedCandidates,31,18,1,0,0,0,0,0,0
intermediate,945,32,50,lockedCandidates,43,6,1,0,0,0,0,0,0
intermediate,946,32,54,lockedCandidates,37,12,5,0,0,0,0,0,0
intermediate,947,31,52,lockedCandidates,41,9,2,0,0,0,0,0,0
intermediate,948,31,52,lockedCandidates,44,6,2,0,0,0,0,0,0
intermediate,949,32,50,lockedCandidates,39,10,1,0,0,0,0,0,0
intermediate,950,32,50,lockedCandidates,33,16,1,0,0,0,0,0,0
intermediate,951,31,52,lockedCandidates,34,16,2,0,0,0,0,0,0
intermediate,952,31,52,lockedCandidates,35,15,2,0,0,0,0,0,0
intermediate,953,32,50,lockedCandidates,29,20,1,0,0,0,0,0,0
intermediate,954,31,51,lockedCandidates,47,3,1,0,0,0,0,0,0
intermediate,955,32,50,lockedCandidates,41,8,1,0,0,0,0,0,0
intermediate,956,32,52,lockedCandidates,37,12,3,0,0,0,0,0,0
intermediate,957,32,51,lockedCandidates,43,6,2,0,0,0,0,0,0
intermediate,958,31,51,lockedCandidates,39,11,1,0,0,0,0,0,0
intermediate,959,31,54,lockedCandidates,36,14,4,0,0,0,0,0,0
intermediate,960,31,51,lockedCandidates,38,12,1,0,0,0,0,0,0
intermediate,961,31,51,lockedCandidates,41,9,1,0,0,0,0,0,0
intermediate,962,31,54,lockedCandidates,46,4,4,0,0,0,0,0,0
intermediate,963,32,50,lockedCandidates,27,22,1,0,0,0,0,0,0
intermediate,964,31,51,lockedCandidates,41,9,1,0,0,0,0,0,0
intermediate,965,32,50,lockedCandidates,39,10,1,0,0,0,0,0,0
intermediate,966,32,50,lockedCandidates,32,17,1,0,0,0,0,0,0
intermediate,967,31,53,lockedCandidates,36,14,3,0,0,0,0,0,0
intermediate,968,31,54,lockedCandidates,35,15,4,0,0,0,0,0,0
intermediate,969,32,50,lockedCandidates,42,7,1,0,0,0,0,0,0
intermediate,970,31,52,lockedCandidates,31,19,2,0,0,0,0,0,0
intermediate,971,31,51,lockedCandidates,44,6,1,0,0,0,0,0,0
intermediate,972,32,50,lockedCandidates,35,14,1,0,0,0,0,0,0
intermediate,973,31,51,lockedCandidates,47,3,1,0,0,0,0,0,0
intermediate,974,31,53,lockedCandidates,41,9,3,0,0,0,0,0,0
intermediate,975,32,52,lockedCandidates,41,8,3,0,0,0,0,0,0
intermediate,976,32,50,lockedCandidates,43,6,1,0,0,0,0,0,0
intermediate,977,32,51,lockedCandidates,35,14,2,0,0,0,0,0,0
intermediate,978,32,50,lockedCandidates,45,4,1,0,0,0,0,0,0
intermediate,979,32,50,lockedCandidates,45,4,1,0,0,0,0,0,0
intermediate,980,32,52,lockedCandidates,47,2,3,0,0,0,0,0,0
intermediate,981,32,50,lockedCandidates,38,11,1,0,0,0,0,0,0
intermediate,982,32,50,lockedCandidates,40,9,1,0,0,0,0,0,0
intermediate,983,31,53,lockedCandidates,29,21,3,0,0,0,0,0,0
intermediate,984,31,51,lockedCandidates,42,8,1,0,0,0,0,0,0
intermediate,985,31,52,lockedCandidates,45,5,2,0,0,0,0,0,0
intermediate,986,32,54,lockedCandidates,36,13,5,0,0,0,0,0,0
intermediate,987,31,51,lockedCandidates,39,11,1,0,0,0,0,0,0
intermediate,988,31,51,lockedCandidates,34,16,1,0,0,0,0,0,0
intermediate,989,32,51,lockedCandidates,42,7,2,0,0,0,0,0,0
intermediate,990,31,55,lockedCandidates,38,12,5,0,0,0,0,0,0
intermediate,991,31,53,lockedCandidates,42,8,3,0,0,0,0,0,0
intermediate,992,31,53,lockedCandidates,41,9,3,0,0,0,0,0,0
intermediate,993,32,50,lockedCandidates,38,11,1,0,0,0,0,0,0
intermediate,994,32,50,lockedCandidates,32,17,1,0,0,0,0,0,0
intermediate,995,32,52,lockedCandidates,35,14,3,0,0,0,0,0,0
intermediate,996,32,50,lockedCandidates,37,12,1,0,0,0,0,0,0
intermediate,997,31,53,lockedCandidates,44,6,3,0,0,0,0,0,0
intermediate,998,31,52,lockedCandidates,37,13,2,0,0,0,0,0,0
intermediate,999,31,55,lockedCandidates,45,5,5,0,0,0,0,0,0
intermediate,1000,31,54,lockedCandidates,35,15,4,0,0,0,0,0,0
advanced,1,28,56,nakedPair,47,6,2,1,0,0,0,0,0
advanced,2,28,61,nakedPair,40,13,6,2,0,0,0,0,0
advanced,3,32,52,hiddenPair,36,13,1,1,1,0,0,0,0
advanced,4,28,58,nakedPair,46,7,4,1,0,0,0,0,0
advanced,5,29,56,nakedPair,38,14,3,1,0,0,0,0,0
advanced,6,28,59,nakedPair,39,14,5,1,0,0,0,0,0
advanced,7,28,55,hiddenPair,51,2,0,1,1,0,0,0,0
advanced,8,28,58,nakedPair,49,4,4,1,0,0,0,0,0
advanced,9,31,51,nakedPair,43,7,0,1,0,0,0,0,0
advanced,10,29,55,nakedPair,43,9,2,1,0,0,0,0,0
advanced,11,29,53,nakedPair,42,10,0,1,0,0,0,0,0
advanced,12,30,52,nakedPair,40,11,0,1,0,0,0,0,0
advanced,13,28,59,nakedPair,44,9,5,1,0,0,0,0,0
advanced,14,28,57,hiddenPair,40,13,2,0,2,0,0,0,0
advanced,15,28,58,hiddenPair,42,11,3,1,1,0,0,0,0
advanced,16,30,58,nakedPair,44,7,6,1,0,0,0,0,0
advanced,17,29,54,nakedPair,42,10,1,1,0,0,0,0,0
advanced,18,30,56,nakedPair,41,10,2,3,0,0,0,0,0
advanced,19,29,59,nakedPair,39,13,6,1,0,0,0,0,0
advanced,20,30,54,hiddenPair,47,4,1,1,1,0,0,0,0
advanced,21,28,56,nakedPair,39,14,2,1,0,0,0,0,0
advanced,22,29,55,nakedPair,45,7,2,1,0,0,0,0,0
advanced,23,30,52,nakedPair,43,8,0,1,0,0,0,0,0
advanced,24,28,56,nakedPair,42,11,2,1,0,0,0,0,0
advanced,25,29,59,nakedPair,39,13,5,2,0,0,0,0,0
advanced,26,28,54,nakedPair,40,13,0,1,0,0,0,0,0
advanced,27,28,58,nakedPair,43,10,4,1,0,0,0,0,0
advanced,28,30,56,hiddenPair,41,10,2,2,1,0,0,0,0
advanced,29,28,57,nakedPair,42,11,3,1,0,0,0,0,0
advanced,30,28,56,nakedPair,42,11,2,1,0,0,0,0,0
advanced,31,28,60,hiddenPair,50,3,6,0,1,0,0,0,0
advanced,32,28,57,nakedPair,41,12,3,1,0,0,0,0,0
advanced,33,30,56,nakedPair,45,6,4,1,0,0,0,0,0
advanced,34,28,55,nakedPair,31,22,1,1,0,0,0,0,0
advanced,35,28,54,hiddenPair,44,9,0,0,1,0,0,0,0
advanced,36,28,55,nakedPair,49,4,1,1,0,0,0,0,0
advanced,37,28,59,nakedPair,45,8,5,1,0,0,0,0,0
advanced,38,28,59,hiddenPair,43,10,5,0,1,0,0,0,0
advanced,39,28,56,nakedPair,39,14,2,1,0,0,0,0,0
advanced,40,28,55,nakedPair,43,10,1,1,0,0,0,0,0
advanced,41,28,60,nakedPair,51,2,6,1,0,0,0,0,0
advanced,42,28,58,nakedPair,42,11,4,1,0,0,0,0,0
advanced,43,28,60,nakedPair,41,12,5,2,0,0,0,0,0
advanced,44,28,56,nakedPair,41,12,2,1,0,0,0,0,0
advanced,45,30,53,nakedPair,36,15,0,2,0,0,0,0,0
advanced,46,28,60,nakedPair,44,9,6,1,0,0,0,0,0
advanced,47,29,55,hiddenPair,34,18,1,1,1,0,0,0,0
advanced,48,28,58,nakedPair,45,8,4,1,0,0,0,0,0
advanced,49,28,57,hiddenPair,35,18,2,1,1,0,0,0,0
advanced,50,28,54,nakedPair,41,12,0,1,0,0,0,0,0
advanced,51,30,55,nakedPair,39,12,3,1,0,0,0,0,0
advanced,52,28,58,nakedPair,45,8,2,3,0,0,0,0,0
advanced,53,28,57,hiddenPair,42,11,3,0,1,0,0,0,0
advanced,54,28,60,nakedPair,43,10,6,1,0,0,0,0,0
advanced,55,31,54,nakedPair,38,12,3,1,0,0,0,0,0
advanced,56,28,55,nakedPair,38,15,1,1,0,0,0,0,0
advanced,57,30,57,nakedPair,37,14,5,1,0,0,0,0,0
advanced,58,28,59,nakedPair,42,11,5,1,0,0,0,0,0
advanced,59,28,57,hiddenPair,38,15,2,1,1,0,0,0,0
advanced,60,28,56,nakedPair,40,13,2,1,0,0,0,0,0
advanced,61,28,57,nakedPair,45,8,3,1,0,0,0,0,0
advanced,62,28,58,nakedPair,42,11,4,1,0,0,0,0,0
advanced,63,28,54,nakedPair,48,5,0,1,0,0,0,0,0
advanced,64,28,57,nakedPair,38,15,3,1,0,0,0,0,0
advanced,65,28,59,nakedPair,47,6,5,1,0,0,0,0,0
advanced,66,28,56,nakedPair,45,8,1,2,0,0,0,0,0
advanced,67,28,60,nakedPair,38,15,6,1,0,0,0,0,0
advanced,68,28,56,nakedPair,39,14,2,1,0,0,0,0,0
advanced,69,28,61,nakedPair,43,10,7,1,0,0,0,0,0
advanced,70,28,60,nakedPair,45,8,5,2,0,0,0,0,0
advanced,71,30,55,nakedPair,36,15,3,1,0,0,0,0,0
advanced,72,29,54,nakedPair,43,9,1,1,0,0,0,0,0
advanced,73,28,57,hiddenPair,43,10,2,1,1,0,0,0,0
advanced,74,28,60,nakedPair,40,13,6,1,0,0,0,0,0
advanced,75,28,60,hiddenPair,46,7,5,1,1,0,0,0,0
advanced,76,28,59,nakedPair,44,9,5,1,0,0,0,0,0
advanced,77,28,59,nakedPair,35,18,5,1,0,0,0,0,0
advanced,78,28,57,nakedPair,44,9,3,1,0,0,0,0,0
advanced,79,30,52,nakedPair,40,11,0,1,0,0,0,0,0
advanced,80,28,56,nakedPair,37,16,2,1,0,0,0,0,0
advanced,81,28,55,nakedPair,47,6,1,1,0,0,0,0,0
advanced,82,28,55,nakedPair,49,4,1,1,0,0,0,0,0
advanced,83,28,61,hiddenPair,48,5,6,1,1,0,0,0,0
advanced,84,29,59,nakedPair,46,6,6,1,0,0,0,0,0
advanced,85,28,57,nakedPair,38,15,3,1,0,0,0,0,0
advanced,86,28,58,nakedPair,46,7,3,2,0,0,0,0,0
advanced,87,28,55,nakedPair,33,20,1,1,0,0,0,0,0
advanced,88,28,54,nakedPair,34,19,0,1,0,0,0,0,0
advanced,89,28,55,nakedPair,40,13,1,1,0,0,0,0,0
advanced,90,28,54,nakedPair,45,8,0,1,0,0,0,0,0
advanced,91,28,56,nakedPair,39,14,2,1,0,0,0,0,0
advanced,92,28,58,nakedPair,43,10,3,2,0,0,0,0,0
advanced,93,30,55,hiddenPair,42,9,3,0,1,0,0,0,0
advanced,94,28,59,nakedPair,40,13,5,1,0,0,0,0,0
advanced,95,28,58,nakedPair,46,7,3,2,0,0,0,0,0
advanced,96,29,54,nakedPair,36,16,1,1,0,0,0,0,0
advanced,97,28,59,hiddenPair,37,16,5,0,1,0,0,0,0
advanced,98,28,57,nakedPair,42,11,3,1,0,0,0,0,0
advanced,99,28,57,nakedPair,38,15,3,1,0,0,0,0,0
advanced,100,29,58,nakedPair,42,10,3,3,0,0,0,0,0
advanced,101,32,52,nakedPair,37,12,2,1,0,0,0,0,0
advanced,102,28,57,nakedPair,37,16,2,2,0,0,0,0,0
advanced,103,29,53,nakedPair,43,9,0,1,0,0,0,0,0
advanced,104,30,54,hiddenPair,38,13,2,0,1,0,0,0,0
advanced,105,28,61,nakedPair,45,8,7,1,0,0,0,0,0
advanced,106,28,57,nakedPair,38,15,3,1,0,0,0,0,0
advanced,107,29,59,nakedPair,43,9,6,1,0,0,0,0,0
advanced,108,28,61,nakedPair,47,6,5,3,0,0,0,0,0
advanced,109,29,56,nakedPair,39,13,3,1,0,0,0,0,0
advanced,110,28,60,nakedPair,46,7,5,2,0,0,0,0,0
advanced,111,28,58,hiddenPair,39,14,3,1,1,0,0,0,0
advanced,112,29,54,nakedPair,40,12,1,1,0,0,0,0,0
advanced,113,30,58,nakedPair,48,3,6,1,0,0,0,0,0
advanced,114,28,61,nakedPair,42,11,7,1,0,0,0,0,0
advanced,115,28,56,nakedPair,35,18,1,2,0,0,0,0,0
advanced,116,28,55,nakedPair,47,6,1,1,0,0,0,0,0
advanced,117,28,57,nakedPair,44,9,3,1,0,0,0,0,0
advanced,118,30,54,nakedPair,29,22,2,1,0,0,0,0,0
advanced,119,28,56,nakedPair,43,10,1,2,0,0,0,0,0
advanced,120,30,53,nakedPair,40,11,1,1,0,0,0,0,0
advanced,121,28,56,nakedPair,38,15,2,1,0,0,0,0,0
advanced,122,28,61,hiddenPair,42,11,5,2,1,0,0,0,0
advanced,123,28,58,nakedPair,43,10,4,1,0,0,0,0,0
advanced,124,28,55,nakedPair,48,5,1,1,0,0,0,0,0
advanced,125,30,56,hiddenPair,41,10,2,0,3,0,0,0,0
advanced,126,28,60,nakedPair,38,15,6,1,0,0,0,0,0
advanced,127,31,53,nakedPair,36,14,2,1,0,0,0,0,0
advanced,128,28,57,hiddenPair,41,12,2,1,1,0,0,0,0
advanced,129,28,60,hiddenPair,45,8,4,2,1,0,0,0,0
advanced,130,28,59,nakedPair,33,20,5,1,0,0,0,0,0
advanced,131,28,57,nakedPair,28,25,2,2,0,0,0,0,0
advanced,132,28,55,nakedPair,42,11,1,1,0,0,0,0,0
advanced,133,29,54,nakedPair,46,6,1,1,0,0,0,0,0
advanced,134,28,57,nakedPair,42,11,3,1,0,0,0,0,0
advanced,135,28,59,nakedPair,36,17,4,2,0,0,0,0,0
advanced,136,29,53,nakedPair,38,14,0,1,0,0,0,0,0
advanced,137,29,55,hiddenPair,51,1,2,0,1,0,0,0,0
advanced,138,28,54,nakedPair,39,14,0,1,0,0,0,0,0
advanced,139,29,58,nakedPair,42,10,5,1,0,0,0,0,0
advanced,140,28,58,hiddenPair,43,10,3,0,2,0,0,0,0
advanced,141,30,52,nakedPair,47,4,0,1,0,0,0,0,0
advanced,142,28,56,nakedPair,42,11,2,1,0,0,0,0,0
advanced,143,28,56,nakedPair,48,5,2,1,0,0,0,0,0
advanced,144,28,60,nakedPair,41,12,5,2,0,0,0,0,0
advanced,145,28,54,nakedPair,26,27,0,1,0,0,0,0,0
advanced,146,28,56,nakedPair,45,8,2,1,0,0,0,0,0
advanced,147,29,54,nakedPair,41,11,1,1,0,0,0,0,0
advanced,148,30,56,nakedPair,42,9,3,2,0,0,0,0,0
advanced,149,29,53,nakedPair,43,9,0,1,0,0,0,0,0
advanced,150,29,58,nakedPair,40,12,4,2,0,0,0,0,0
advanced,151,28,55,nakedPair,29,24,0,2,0,0,0,0,0
advanced,152,29,59,hiddenPair,46,6,6,0,1,0,0,0,0
advanced,153,28,55,hiddenPair,36,17,1,0,1,0,0,0,0
advanced,154,29,59,nakedPair,44,8,6,1,0,0,0,0,0
advanced,155,28,55,nakedPair,38,15,1,1,0,0,0,0,0
advanced,156,30,55,nakedPair,44,7,3,1,0,0,0,0,0
advanced,157,28,58,nakedPair,43,10,3,2,0,0,0,0,0
advanced,158,30,56,hiddenPair,45,6,4,0,1,0,0,0,0
advanced,159,29,56,nakedPair,36,16,3,1,0,0,0,0,0
advanced,160,29,54,hiddenPair,39,13,1,0,1,0,0,0,0
advanced,161,28,62,nakedPair,42,11,8,1,0,0,0,0,0
advanced,162,28,54,nakedPair,40,13,0,1,0,0,0,0,0
advanced,163,30,54,hiddenPair,40,11,2,0,1,0,0,0,0
advanced,164,28,54,nakedPair,35,18,0,1,0,0,0,0,0
advanced,165,28,59,hiddenPair,49,4,5,0,1,0,0,0,0
advanced,166,29,56,hiddenPair,38,14,3,0,1,0,0,0,0
advanced,167,28,57,nakedPair,43,10,2,2,0,0,0,0,0
advanced,168,28,57,nakedPair,44,9,2,2,0,0,0,0,0
advanced,169,28,56,nakedPair,39,14,2,1,0,0,0,0,0
advanced,170,28,59,nakedPair,43,10,5,1,0,0,0,0,0
advanced,171,28,60,nakedPair,40,13,6,1,0,0,0,0,0
advanced,172,28,62,nakedPair,44,9,8,1,0,0,0,0,0
advanced,173,28,58,hiddenPair,42,11,4,0,1,0,0,0,0
advanced,174,28,55,nakedPair,43,10,1,1,0,0,0,0,0
advanced,175,28,54,nakedPair,40,13,0,1,0,0,0,0,0
advanced,176,30,53,hiddenPair,36,15,1,0,1,0,0,0,0
advanced,177,28,54,nakedPair,42,11,0,1,0,0,0,0,0
advanced,178,28,59,nakedPair,41,12,5,1,0,0,0,0,0
advanced,179,28,56,nakedPair,38,15,2,1,0,0,0,0,0
advanced,180,28,56,nakedPair,33,20,2,1,0,0,0,0,0
advanced,181,30,54,nakedPair,32,19,2,1,0,0,0,0,0
advanced,182,28,54,nakedPair,45,8,0,1,0,0,0,0,0
advanced,183,28,56,nakedPair,37,16,2,1,0,0,0,0,0
advanced,184,28,58,hiddenPair,40,13,4,0,1,0,0,0,0
advanced,185,30,54,nakedPair,41,10,2,1,0,0,0,0,0
advanced,186,28,55,nakedPair,43,10,1,1,0,0,0,0,0
advanced,187,28,59,nakedPair,46,7,4,2,0,0,0,0,0
advanced,188,28,57,nakedPair,41,12,3,1,0,0,0,0,0
advanced,189,29,58,hiddenPair,38,14,3,1,2,0,0,0,0
advanced,190,28,57,nakedPair,34,19,2,2,0,0,0,0,0
advanced,191,29,58,hiddenPair,38,14,4,0,2,0,0,0,0
advanced,192,30,53,nakedPair,42,9,1,1,0,0,0,0,0
advanced,193,28,55,nakedPair,47,6,1,1,0,0,0,0,0
advanced,194,29,58,nakedPair,42,10,5,1,0,0,0,0,0
advanced,195,29,56,hiddenPair,36,16,2,1,1,0,0,0,0
advanced,196,28,60,nakedPair,40,13,6,1,0,0,0,0,0
advanced,197,28,60,nakedPair,46,7,5,2,0,0,0,0,0
advanced,198,29,57,nakedPair,33,19,3,2,0,0,0,0,0
advanced,199,28,60,nakedPair,36,17,6,1,0,0,0,0,0
advanced,200,28,58,nakedPair,41,12,4,1,0,0,0,0,0
advanced,201,28,55,hiddenPair,40,13,1,0,1,0,0,0,0
advanced,202,29,57,nakedPair,36,16,3,2,0,0,0,0,0
advanced,203,28,54,nakedPair,51,2,0,1,0,0,0,0,0
advanced,204,28,55,hiddenPair,45,8,1,0,1,0,0,0,0
advanced,205,28,56,nakedPair,43,10,2,1,0,0,0,0,0
advanced,206,28,58,hiddenPair,44,9,4,0,1,0,0,0,0
advanced,207,28,60,hiddenPair,42,11,5,1,1,0,0,0,0
advanced,208,28,56,hiddenPair,38,15,2,0,1,0,0,0,0
advanced,209,28,58,hiddenPair,40,13,3,0,2,0,0,0,0
advanced,210,28,58,nakedPair,36,17,4,1,0,0,0,0,0
advanced,211,30,57,nakedPair,39,12,5,1,0,0,0,0,0
advanced,212,28,54,nakedPair,47,6,0,1,0,0,0,0,0
advanced,213,29,60,nakedPair,41,11,7,1,0,0,0,0,0
advanced,214,29,60,nakedPair,48,4,5,3,0,0,0,0,0
advanced,215,28,58,nakedPair,39,14,3,2,0,0,0,0,0
advanced,216,28,58,nakedPair,48,5,4,1,0,0,0,0,0
advanced,217,29,54,nakedPair,28,24,1,1,0,0,0,0,0
advanced,218,28,57,nakedPair,36,17,3,1,0,0,0,0,0
advanced,219,28,60,nakedPair,45,8,4,3,0,0,0,0,0
advanced,220,28,61,hiddenPair,46,7,5,1,2,0,0,0,0
advanced,221,29,56,nakedPair,48,4,3,1,0,0,0,0,0
advanced,222,29,54,nakedPair,43,9,1,1,0,0,0,0,0
advanced,223,28,56,nakedPair,40,13,2,1,0,0,0,0,0
advanced,224,29,56,hiddenPair,34,18,3,0,1,0,0,0,0
advanced,225,30,56,nakedPair,44,7,4,1,0,0,0,0,0
advanced,226,28,58,nakedPair,40,13,3,2,0,0,0,0,0
advanced,227,28,59,nakedPair,39,14,4,2,0,0,0,0,0
advanced,228,30,55,nakedPair,42,9,3,1,0,0,0,0,0
advanced,229,29,54,nakedPair,40,12,1,1,0,0,0,0,0
advanced,230,28,59,nakedPair,46,7,5,1,0,0,0,0,0
advanced,231,29,57,nakedPair,49,3,4,1,0,0,0,0,0
advanced,232,28,59,nakedPair,41,12,5,1,0,0,0,0,0
advanced,233,30,54,nakedPair,42,9,2,1,0,0,0,0,0
advanced,234,29,56,nakedPair,42,10,2,2,0,0,0,0,0
advanced,235,28,57,hiddenPair,41,12,3,0,1,0,0,0,0
advanced,236,28,55,hiddenPair,43,10,1,0,1,0,0,0,0
advanced,237,28,60,nakedPair,41,12,6,1,0,0,0,0,0
advanced,238,29,58,nakedPair,48,4,5,1,0,0,0,0,0
advanced,239,30,54,nakedPair,38,13,1,2,0,0,0,0,0
advanced,240,28,57,nakedPair,37,16,3,1,0,0,0,0,0
advanced,241,28,57,nakedPair,48,5,1,3,0,0,0,0,0
advanced,242,30,56,nakedPair,42,9,3,2,0,0,0,0,0
advanced,243,30,55,hiddenPair,40,11,2,1,1,0,0,0,0
advanced,244,29,59,nakedPair,41,11,6,1,0,0,0,0,0
advanced,245,28,59,nakedPair,48,5,5,1,0,0,0,0,0
advanced,246,28,57,nakedPair,51,2,3,1,0,0,0,0,0
advanced,247,28,58,nakedPair,40,13,4,1,0,0,0,0,0
advanced,248,28,57,nakedPair,36,17,3,1,0,0,0,0,0
advanced,249,29,56,nakedPair,41,11,3,1,0,0,0,0,0
advanced,250,29,55,hiddenPair,43,9,2,0,1,0,0,0,0
advanced,251,28,57,nakedPair,44,9,2,2,0,0,0,0,0
advanced,252,28,57,nakedPair,44,9,3,1,0,0,0,0,0
advanced,253,28,58,hiddenPair,44,9,3,1,1,0,0,0,0
advanced,254,28,55,nakedPair,46,7,1,1,0,0,0,0,0
advanced,255,28,54,nakedPair,50,3,0,1,0,0,0,0,0
advanced,256,28,59,nakedPair,43,10,5,1,0,0,0,0,0
advanced,257,28,57,nakedPair,36,17,3,1,0,0,0,0,0
advanced,258,28,58,nakedPair,42,11,4,1,0,0,0,0,0
advanced,259,30,56,nakedPair,44,7,3,2,0,0,0,0,0
advanced,260,28,54,hiddenPair,45,8,0,0,1,0,0,0,0
advanced,261,28,58,hiddenPair,43,10,4,0,1,0,0,0,0
advanced,262,28,59,nakedPair,46,7,5,1,0,0,0,0,0
advanced,263,30,52,nakedPair,44,7,0,1,0,0,0,0,0
advanced,264,28,61,hiddenPair,43,10,5,2,1,0,0,0,0
advanced,265,28,56,hiddenPair,38,15,2,0,1,0,0,0,0
advanced,266,29,54,nakedPair,44,8,1,1,0,0,0,0,0
advanced,267,28,59,hiddenPair,40,13,5,0,1,0,0,0,0
advanced,268,28,56,nakedPair,45,8,2,1,0,0,0,0,0
advanced,269,28,58,nakedPair,46,7,4,1,0,0,0,0,0
advanced,270,28,58,nakedPair,41,12,4,1,0,0,0,0,0
advanced,271,28,58,nakedPair,44,9,2,3,0,0,0,0,0
advanced,272,28,56,nakedPair,36,17,2,1,0,0,0,0,0
advanced,273,30,57,nakedPair,40,11,5,1,0,0,0,0,0
advanced,274,28,55,nakedPair,42,11,1,1,0,0,0,0,0
advanced,275,29,55,hiddenPair,36,16,2,0,1,0,0,0,0
advanced,276,28,58,hiddenPair,42,11,4,0,1,0,0,0,0
advanced,277,31,52,hiddenPair,35,15,0,1,1,0,0,0,0
advanced,278,28,58,nakedPair,38,15,2,3,0,0,0,0,0
advanced,279,28,61,nakedPair,42,11,6,2,0,0,0,0,0
advanced,280,28,57,nakedPair,47,6,3,1,0,0,0,0,0
advanced,281,32,52,hiddenPair,42,7,2,0,1,0,0,0,0
advanced,282,28,54,nakedPair,46,7,0,1,0,0,0,0,0
advanced,283,30,54,nakedPair,36,15,2,1,0,0,0,0,0
advanced,284,28,57,hiddenPair,45,8,3,0,1,0,0,0,0
advanced,285,28,55,nakedPair,41,12,1,1,0,0,0,0,0
advanced,286,28,55,nakedPair,44,9,1,1,0,0,0,0,0
advanced,287,28,58,nakedPair,37,16,4,1,0,0,0,0,0
advanced,288,28,56,nakedPair,39,14,2,1,0,0,0,0,0
advanced,289,28,55,nakedPair,48,5,1,1,0,0,0,0,0
advanced,290,30,58,nakedPair,45,6,6,1,0,0,0,0,0
advanced,291,28,60,nakedPair,41,12,5,2,0,0,0,0,0
advanced,292,28,57,nakedPair,36,17,3,1,0,0,0,0,0
advanced,293,28,58,nakedPair,37,16,4,1,0,0,0,0,0
advanced,294,30,56,nakedPair,40,11,3,2,0,0,0,0,0
advanced,295,28,58,hiddenPair,40,13,4,0,1,0,0,0,0
advanced,296,28,56,nakedPair,35,18,2,1,0,0,0,0,0
advanced,297,28,60,hiddenPair,42,11,4,1,2,0,0,0,0
advanced,298,28,56,nakedPair,45,8,2,1,0,0,0,0,0
advanced,299,28,57,hiddenPair,45,8,2,1,1,0,0,0,0
advanced,300,28,58,nakedPair,36,17,4,1,0,0,0,0,0
advanced,301,30,52,nakedPair,34,17,0,1,0,0,0,0,0
advanced,302,28,56,nakedPair,42,11,2,1,0,0,0,0,0
advanced,303,28,57,nakedPair,48,5,3,1,0,0,0,0,0
advanced,304,28,56,nakedPair,40,13,1,2,0,0,0,0,0
advanced,305,30,54,nakedPair,37,14,2,1,0,0,0,0,0
advanced,306,30,57,hiddenPair,41,10,5,0,1,0,0,0,0
advanced,307,28,55,nakedPair,36,17,1,1,0,0,0,0,0
advanced,308,28,56,nakedPair,46,7,2,1,0,0,0,0,0
advanced,309,28,57,nakedPair,39,14,2,2,0,0,0,0,0
advanced,310,28,55,hiddenPair,45,8,1,0,1,0,0,0,0
advanced,311,28,59,nakedPair,41,12,5,1,0,0,0,0,0
advanced,312,30,54,nakedPair,43,8,2,1,0,0,0,0,0
advanced,313,28,57,nakedPair,41,12,3,1,0,0,0,0,0
advanced,314,28,59,hiddenPair,48,5,4,0,2,0,0,0,0
advanced,315,28,59,nakedPair,35,18,5,1,0,0,0,0,0
advanced,316,28,56,nakedPair,43,10,2,1,0,0,0,0,0
advanced,317,28,56,nakedPair,48,5,2,1,0,0,0,0,0
advanced,318,30,56,nakedPair,41,10,2,3,0,0,0,0,0
advanced,319,28,56,nakedPair,45,8,2,1,0,0,0,0,0
advanced,320,29,57,nakedPair,50,2,4,1,0,0,0,0,0
advanced,321,28,61,nakedPair,41,12,7,1,0,0,0,0,0
advanced,322,29,55,nakedPair,39,13,2,1,0,0,0,0,0
advanced,323,28,60,nakedPair,41,12,5,2,0,0,0,0,0
advanced,324,28,58,hiddenPair,39,14,3,1,1,0,0,0,0
advanced,325,28,58,nakedPair,51,2,4,1,0,0,0,0,0
advanced,326,29,57,hiddenPair,48,4,3,1,1,0,0,0,0
advanced,327,28,59,hiddenPair,47,6,5,0,1,0,0,0,0
advanced,328,28,59,nakedPair,42,11,5,1,0,0,0,0,0
advanced,329,28,59,hiddenPair,41,12,3,2,1,0,0,0,0
advanced,330,28,58,nakedPair,46,7,4,1,0,0,0,0,0
advanced,331,28,60,hiddenPair,50,3,6,0,1,0,0,0,0
advanced,332,32,51,nakedPair,42,7,0,2,0,0,0,0,0
advanced,333,29,58,nakedPair,46,6,5,1,0,0,0,0,0
advanced,334,29,56,nakedPair,36,16,2,2,0,0,0,0,0
advanced,335,30,56,nakedPair,45,6,4,1,0,0,0,0,0
advanced,336,28,55,nakedPair,39,14,1,1,0,0,0,0,0
advanced,337,29,54,nakedPair,42,10,1,1,0,0,0,0,0
advanced,338,28,54,hiddenPair,41,12,0,0,1,0,0,0,0
advanced,339,30,53,nakedPair,43,8,1,1,0,0,0,0,0
advanced,340,28,56,nakedPair,37,16,2,1,0,0,0,0,0
advanced,341,28,59,nakedPair,47,6,5,1,0,0,0,0,0
advanced,342,28,58,nakedPair,37,16,4,1,0,0,0,0,0
advanced,343,30,54,nakedPair,35,16,2,1,0,0,0,0,0
advanced,344,28,59,nakedPair,40,13,4,2,0,0,0,0,0
advanced,345,28,58,nakedPair,36,17,4,1,0,0,0,0,0
advanced,346,30,55,nakedPair,47,4,3,1,0,0,0,0,0
advanced,347,28,55,nakedPair,35,18,1,1,0,0,0,0,0
advanced,348,28,55,nakedPair,48,5,1,1,0,0,0,0,0
advanced,349,28,54,nakedPair,51,2,0,1,0,0,0,0,0
advanced,350,28,54,nakedPair,39,14,0,1,0,0,0,0,0
advanced,351,29,57,nakedPair,42,10,3,2,0,0,0,0,0
advanced,352,29,54,nakedPair,35,17,1,1,0,0,0,0,0
advanced,353,28,56,hiddenPair,42,11,1,1,1,0,0,0,0
advanced,354,28,55,nakedPair,43,10,1,1,0,0,0,0,0
advanced,355,28,57,nakedPair,44,9,2,2,0,0,0,0,0
advanced,356,28,55,nakedPair,47,6,1,1,0,0,0,0,0
advanced,357,28,57,nakedPair,46,7,3,1,0,0,0,0,0
advanced,358,32,54,nakedPair,39,10,4,1,0,0,0,0,0
advanced,359,28,56,nakedPair,44,9,2,1,0,0,0,0,0
advanced,360,28,54,nakedPair,52,1,0,1,0,0,0,0,0
advanced,361,30,52,nakedPair,41,10,0,1,0,0,0,0,0
advanced,362,28,58,hiddenPair,44,9,3,1,1,0,0,0,0
advanced,363,30,60,nakedPair,49,2,8,1,0,0,0,0,0
advanced,364,28,55,hiddenPair,41,12,1,0,1,0,0,0,0
advanced,365,28,58,nakedPair,39,14,3,2,0,0,0,0,0
advanced,366,28,59,nakedPair,40,13,4,2,0,0,0,0,0
advanced,367,28,57,nakedPair,28,25,3,1,0,0,0,0,0
advanced,368,28,61,nakedPair,46,7,6,2,0,0,0,0,0
advanced,369,29,54,nakedPair,36,16,1,1,0,0,0,0,0
advanced,370,28,58,nakedPair,50,3,4,1,0,0,0,0,0
advanced,371,30,54,hiddenPair,42,9,1,1,1,0,0,0,0
advanced,372,28,56,nakedPair,30,23,2,1,0,0,0,0,0
advanced,373,28,56,hiddenPair,41,12,1,1,1,0,0,0,0
advanced,374,28,58,nakedPair,49,4,4,1,0,0,0,0,0
advanced,375,28,59,nakedPair,41,12,5,1,0,0,0,0,0
advanced,376,29,58,nakedPair,39,13,5,1,0,0,0,0,0
advanced,377,28,54,nakedPair,35,18,0,1,0,0,0,0,0
advanced,378,28,56,hiddenPair,38,15,1,1,1,0,0,0,0
advanced,379,31,52,nakedPair,45,5,1,1,0,0,0,0,0
advanced,380,28,60,nakedPair,45,8,6,1,0,0,0,0,0
advanced,381,29,54,nakedPair,34,18,1,1,0,0,0,0,0
advanced,382,30,59,hiddenPair,44,7,4,1,3,0,0,0,0
advanced,383,30,53,hiddenPair,44,7,1,0,1,0,0,0,0
advanced,384,28,55,nakedPair,42,11,0,2,0,0,0,0,0
advanced,385,30,59,nakedPair,46,5,6,2,0,0,0,0,0
advanced,386,29,59,nakedPair,39,13,6,1,0,0,0,0,0
advanced,387,30,56,hiddenPair,37,14,4,0,1,0,0,0,0
advanced,388,32,51,nakedPair,34,15,1,1,0,0,0,0,0
advanced,389,29,54,hiddenPair,44,8,1,0,1,0,0,0,0
advanced,390,28,57,nakedPair,39,14,3,1,0,0,0,0,0
advanced,391,29,56,nakedPair,44,8,3,1,0,0,0,0,0
advanced,392,28,59,nakedPair,37,16,5,1,0,0,0,0,0
advanced,393,28,55,nakedPair,50,3,1,1,0,0,0,0,0
advanced,394,28,55,nakedPair,47,6,1,1,0,0,0,0,0
advanced,395,28,60,nakedPair,45,8,3,4,0,0,0,0,0
advanced,396,28,56,nakedPair,44,9,2,1,0,0,0,0,0
advanced,397,28,56,nakedPair,36,17,2,1,0,0,0,0,0
advanced,398,28,55,nakedPair,41,12,1,1,0,0,0,0,0
advanced,399,29,56,nakedPair,43,9,2,2,0,0,0,0,0
advanced,400,29,60,nakedPair,43,9,7,1,0,0,0,0,0
advanced,401,28,55,hiddenPair,41,12,1,0,1,0,0,0,0
advanced,402,28,55,hiddenPair,40,13,1,0,1,0,0,0,0
advanced,403,29,53,nakedPair,32,20,0,1,0,0,0,0,0
advanced,404,28,60,hiddenPair,40,13,4,1,2,0,0,0,0
advanced,405,28,58,nakedPair,36,17,4,1,0,0,0,0,0
advanced,406,28,58,hiddenPair,37,16,4,0,1,0,0,0,0
advanced,407,28,58,nakedPair,45,8,4,1,0,0,0,0,0
advanced,408,30,52,nakedPair,42,9,0,1,0,0,0,0,0
advanced,409,28,58,hiddenPair,37,16,4,0,1,0,0,0,0
advanced,410,29,55,nakedPair,40,12,2,1,0,0,0,0,0
advanced,411,29,55,hiddenPair,42,10,2,0,1,0,0,0,0
advanced,412,28,57,nakedPair,43,10,3,1,0,0,0,0,0
advanced,413,29,55,hiddenPair,43,9,2,0,1,0,0,0,0
advanced,414,28,62,nakedPair,46,7,6,3,0,0,0,0,0
advanced,415,29,55,nakedPair,39,13,2,1,0,0,0,0,0
advanced,416,28,61,nakedPair,45,8,5,3,0,0,0,0,0
advanced,417,30,52,nakedPair,47,4,0,1,0,0,0,0,0
advanced,418,28,57,nakedPair,41,12,2,2,0,0,0,0,0
advanced,419,28,56,nakedPair,38,15,2,1,0,0,0,0,0
advanced,420,28,56,nakedPair,42,11,2,1,0,0,0,0,0
advanced,421,28,57,nakedPair,45,8,3,1,0,0,0,0,0
advanced,422,28,56,nakedPair,46,7,2,1,0,0,0,0,0
advanced,423,30,55,nakedPair,30,21,3,1,0,0,0,0,0
advanced,424,28,56,nakedPair,40,13,2,1,0,0,0,0,0
advanced,425,31,55,nakedPair,36,14,4,1,0,0,0,0,0
advanced,426,29,54,hiddenPair,46,6,1,0,1,0,0,0,0
advanced,427,28,57,nakedPair,39,14,3,1,0,0,0,0,0
advanced,428,28,60,nakedPair,41,12,6,1,0,0,0,0,0
advanced,429,28,55,nakedPair,44,9,1,1,0,0,0,0,0
advanced,430,28,60,hiddenPair,43,10,4,0,3,0,0,0,0
advanced,431,29,61,nakedPair,44,8,8,1,0,0,0,0,0
advanced,432,28,56,nakedPair,45,8,2,1,0,0,0,0,0
advanced,433,28,60,nakedPair,42,11,6,1,0,0,0,0,0
advanced,434,29,53,nakedPair,45,7,0,1,0,0,0,0,0
advanced,435,30,57,hiddenPair,44,7,3,1,2,0,0,0,0
advanced,436,30,52,nakedPair,47,4,0,1,0,0,0,0,0
advanced,437,28,54,nakedPair,42,11,0,1,0,0,0,0,0
advanced,438,28,54,hiddenPair,36,17,0,0,1,0,0,0,0
advanced,439,28,59,hiddenPair,42,11,5,0,1,0,0,0,0
advanced,440,28,57,nakedPair,45,8,3,1,0,0,0,0,0
advanced,441,28,63,nakedPair,47,6,7,3,0,0,0,0,0
advanced,442,29,57,hiddenPair,39,13,4,0,1,0,0,0,0
advanced,443,28,59,nakedPair,46,7,4,2,0,0,0,0,0
advanced,444,28,54,nakedPair,49,4,0,1,0,0,0,0,0
advanced,445,29,55,nakedPair,38,14,2,1,0,0,0,0,0
advanced,446,30,54,nakedPair,38,13,2,1,0,0,0,0,0
advanced,447,31,54,nakedPair,44,6,3,1,0,0,0,0,0
advanced,448,28,57,nakedPair,44,9,3,1,0,0,0,0,0
advanced,449,28,58,hiddenPair,43,10,4,0,1,0,0,0,0
advanced,450,28,57,nakedPair,41,12,2,2,0,0,0,0,0
advanced,451,30,54,hiddenPair,42,9,2,0,1,0,0,0,0
advanced,452,28,59,nakedPair,43,10,5,1,0,0,0,0,0
advanced,453,28,56,hiddenPair,43,10,2,0,1,0,0,0,0
advanced,454,28,55,nakedPair,39,14,1,1,0,0,0,0,0
advanced,455,28,58,hiddenPair,48,5,4,0,1,0,0,0,0
advanced,456,28,58,nakedPair,43,10,4,1,0,0,0,0,0
advanced,457,28,60,nakedPair,43,10,6,1,0,0,0,0,0
advanced,458,28,57,nakedPair,47,6,2,2,0,0,0,0,0
advanced,459,28,57,hiddenPair,44,9,3,0,1,0,0,0,0
advanced,460,28,56,hiddenPair,42,11,1,1,1,0,0,0,0
advanced,461,28,58,nakedPair,45,8,4,1,0,0,0,0,0
advanced,462,29,54,hiddenPair,41,11,0,1,1,0,0,0,0
advanced,463,29,53,nakedPair,50,2,0,1,0,0,0,0,0
advanced,464,30,56,hiddenPair,36,15,4,0,1,0,0,0,0
advanced,465,28,57,nakedPair,42,11,3,1,0,0,0,0,0
advanced,466,28,56,hiddenPair,41,12,2,0,1,0,0,0,0
advanced,467,28,54,nakedPair,48,5,0,1,0,0,0,0,0
advanced,468,29,55,nakedPair,37,15,2,1,0,0,0,0,0
advanced,469,28,55,nakedPair,50,3,1,1,0,0,0,0,0
advanced,470,30,52,nakedPair,45,6,0,1,0,0,0,0,0
advanced,471,29,60,nakedPair,43,9,6,2,0,0,0,0,0
advanced,472,28,58,nakedPair,43,10,3,2,0,0,0,0,0
advanced,473,28,59,nakedPair,35,18,5,1,0,0,0,0,0
advanced,474,30,57,nakedPair,45,6,5,1,0,0,0,0,0
advanced,475,28,54,nakedPair,34,19,0,1,0,0,0,0,0
advanced,476,30,56,hiddenPair,42,9,4,0,1,0,0,0,0
advanced,477,28,59,nakedPair,43,10,5,1,0,0,0,0,0
advanced,478,28,56,nakedPair,40,13,2,1,0,0,0,0,0
advanced,479,28,58,nakedPair,46,7,4,1,0,0,0,0,0
advanced,480,28,60,nakedPair,46,7,6,1,0,0,0,0,0
advanced,481,28,56,nakedPair,36,17,2,1,0,0,0,0,0
advanced,482,28,58,nakedPair,44,9,4,1,0,0,0,0,0
advanced,483,29,54,nakedPair,48,4,1,1,0,0,0,0,0
advanced,484,29,57,nakedPair,42,10,3,2,0,0,0,0,0
advanced,485,30,54,nakedPair,40,11,2,1,0,0,0,0,0
advanced,486,30,54,nakedPair,40,11,2,1,0,0,0,0,0
advanced,487,30,55,hiddenPair,43,8,2,1,1,0,0,0,0
advanced,488,30,56,nakedPair,38,13,3,2,0,0,0,0,0
advanced,489,28,58,nakedPair,44,9,3,2,0,0,0,0,0
advanced,490,28,55,nakedPair,43,10,1,1,0,0,0,0,0
advanced,491,30,57,nakedPair,37,14,5,1,0,0,0,0,0
advanced,492,28,57,nakedPair,42,11,3,1,0,0,0,0,0
advanced,493,28,55,nakedPair,48,5,1,1,0,0,0,0,0
advanced,494,30,56,nakedPair,38,13,1,4,0,0,0,0,0
advanced,495,28,57,nakedPair,38,15,1,3,0,0,0,0,0
advanced,496,28,56,nakedPair,31,22,2,1,0,0,0,0,0
advanced,497,28,59,nakedPair,40,13,5,1,0,0,0,0,0
advanced,498,31,52,nakedPair,34,16,1,1,0,0,0,0,0
advanced,499,28,57,nakedPair,43,10,3,1,0,0,0,0,0
advanced,500,29,56,nakedPair,45,7,3,1,0,0,0,0,0
advanced,501,28,56,hiddenPair,31,22,2,0,1,0,0,0,0
advanced,502,28,58,nakedPair,31,22,4,1,0,0,0,0,0
advanced,503,28,59,nakedPair,42,11,4,2,0,0,0,0,0
advanced,504,29,54,nakedPair,44,8,1,1,0,0,0,0,0
advanced,505,30,54,nakedPair,36,15,2,1,0,0,0,0,0
advanced,506,28,58,nakedPair,41,12,4,1,0,0,0,0,0
advanced,507,28,56,nakedPair,43,10,2,1,0,0,0,0,0
advanced,508,30,55,nakedPair,39,12,3,1,0,0,0,0,0
advanced,509,28,56,nakedPair,42,11,2,1,0,0,0,0,0
advanced,510,28,57,nakedPair,45,8,3,1,0,0,0,0,0
advanced,511,28,56,nakedPair,46,7,2,1,0,0,0,0,0
advanced,512,28,55,nakedPair,45,8,1,1,0,0,0,0,0
advanced,513,28,61,nakedPair,41,12,7,1,0,0,0,0,0
advanced,514,28,58,nakedPair,41,12,3,2,0,0,0,0,0
advanced,515,28,57,nakedPair,43,10,2,2,0,0,0,0,0
advanced,516,30,53,nakedPair,32,19,1,1,0,0,0,0,0
advanced,517,28,57,nakedPair,38,15,3,1,0,0,0,0,0
advanced,518,28,55,nakedPair,43,10,1,1,0,0,0,0,0
advanced,519,29,57,nakedPair,50,2,2,3,0,0,0,0,0
advanced,520,30,56,nakedPair,44,7,4,1,0,0,0,0,0
advanced,521,28,55,hiddenPair,46,7,1,0,1,0,0,0,0
advanced,522,29,57,nakedPair,43,9,4,1,0,0,0,0,0
advanced,523,28,58,nakedPair,36,17,4,1,0,0,0,0,0
advanced,524,28,56,nakedPair,46,7,2,1,0,0,0,0,0
advanced,525,28,55,nakedPair,44,9,1,1,0,0,0,0,0
advanced,526,28,56,hiddenPair,36,17,2,0,1,0,0,0,0
advanced,527,28,56,nakedPair,45,8,2,1,0,0,0,0,0
advanced,528,28,58,nakedPair,48,5,4,1,0,0,0,0,0
advanced,529,28,57,nakedPair,38,15,3,1,0,0,0,0,0
advanced,530,29,53,nakedPair,42,10,0,1,0,0,0,0,0
advanced,531,28,57,nakedPair,37,16,2,2,0,0,0,0,0
advanced,532,28,55,nakedPair,44,9,1,1,0,0,0,0,0
advanced,533,28,59,hiddenPair,40,13,4,1,1,0,0,0,0
advanced,534,30,54,nakedPair,46,5,2,1,0,0,0,0,0
advanced,535,31,55,nakedPair,42,8,4,1,0,0,0,0,0
advanced,536,28,59,nakedPair,35,18,5,1,0,0,0,0,0
advanced,537,28,54,nakedPair,41,12,0,1,0,0,0,0,0
advanced,538,28,56,nakedPair,38,15,2,1,0,0,0,0,0
advanced,539,28,62,nakedPair,49,4,7,2,0,0,0,0,0
advanced,540,29,56,nakedPair,32,20,3,1,0,0,0,0,0
advanced,541,28,58,nakedPair,34,19,4,1,0,0,0,0,0
advanced,542,28,59,nakedPair,37,16,5,1,0,0,0,0,0
advanced,543,29,58,hiddenPair,45,7,5,0,1,0,0,0,0
advanced,544,28,56,nakedPair,35,18,2,1,0,0,0,0,0
advanced,545,28,57,hiddenPair,38,15,3,0,1,0,0,0,0
advanced,546,30,55,hiddenPair,44,7,2,0,2,0,0,0,0
advanced,547,28,59,nakedPair,38,15,5,1,0,0,0,0,0
advanced,548,28,60,nakedPair,48,5,4,3,0,0,0,0,0
advanced,549,28,56,hiddenPair,41,12,2,0,1,0,0,0,0
advanced,550,28,56,nakedPair,39,14,2,1,0,0,0,0,0
advanced,551,29,59,nakedPair,47,5,5,2,0,0,0,0,0
advanced,552,28,57,nakedPair,41,12,2,2,0,0,0,0,0
advanced,553,28,54,nakedPair,44,9,0,1,0,0,0,0,0
advanced,554,28,58,nakedPair,39,14,4,1,0,0,0,0,0
advanced,555,29,56,nakedPair,44,8,3,1,0,0,0,0,0
advanced,556,30,53,nakedPair,39,12,1,1,0,0,0,0,0
advanced,557,28,57,nakedPair,39,14,2,2,0,0,0,0,0
advanced,558,28,56,nakedPair,46,7,2,1,0,0,0,0,0
advanced,559,28,54,nakedPair,34,19,0,1,0,0,0,0,0
advanced,560,28,59,nakedPair,45,8,4,2,0,0,0,0,0
advanced,561,28,54,nakedPair,34,19,0,1,0,0,0,0,0
advanced,562,28,56,nakedPair,39,14,1,2,0,0,0,0,0
advanced,563,28,56,nakedPair,36,17,2,1,0,0,0,0,0
advanced,564,28,56,hiddenPair,48,5,2,0,1,0,0,0,0
advanced,565,28,61,hiddenPair,44,9,6,1,1,0,0,0,0
advanced,566,28,56,nakedPair,35,18,2,1,0,0,0,0,0
advanced,567,29,54,nakedPair,45,7,1,1,0,0,0,0,0
advanced,568,28,54,hiddenPair,41,12,0,0,1,0,0,0,0
advanced,569,28,59,nakedPair,41,12,5,1,0,0,0,0,0
advanced,570,28,54,hiddenPair,49,4,0,0,1,0,0,0,0
advanced,571,28,61,hiddenPair,46,7,5,1,2,0,0,0,0
advanced,572,28,55,nakedPair,39,14,1,1,0,0,0,0,0
advanced,573,28,57,nakedPair,44,9,3,1,0,0,0,0,0
advanced,574,28,54,nakedPair,39,14,0,1,0,0,0,0,0
advanced,575,29,57,hiddenPair,33,19,3,0,2,0,0,0,0
advanced,576,30,56,hiddenPair,48,3,3,1,1,0,0,0,0
advanced,577,28,55,nakedPair,39,14,0,2,0,0,0,0,0
advanced,578,28,57,nakedPair,39,14,3,1,0,0,0,0,0
advanced,579,29,55,nakedPair,41,11,0,3,0,0,0,0,0
advanced,580,28,54,nakedPair,43,10,0,1,0,0,0,0,0
advanced,581,28,56,nakedPair,35,18,2,1,0,0,0,0,0
advanced,582,29,57,hiddenPair,43,9,4,0,1,0,0,0,0
advanced,583,29,58,hiddenPair,33,19,4,1,1,0,0,0,0
advanced,584,28,56,nakedPair,44,9,2,1,0,0,0,0,0
advanced,585,28,60,nakedPair,37,16,6,1,0,0,0,0,0
advanced,586,28,57,hiddenPair,42,11,2,1,1,0,0,0,0
advanced,587,28,56,hiddenPair,39,14,2,0,1,0,0,0,0
advanced,588,28,59,hiddenPair,46,7,5,0,1,0,0,0,0
advanced,589,30,53,nakedPair,44,7,1,1,0,0,0,0,0
advanced,590,28,57,hiddenPair,35,18,2,1,1,0,0,0,0
advanced,591,30,55,nakedPair,32,19,3,1,0,0,0,0,0
advanced,592,28,55,nakedPair,35,18,1,1,0,0,0,0,0
advanced,593,28,55,nakedPair,45,8,1,1,0,0,0,0,0
advanced,594,28,58,nakedPair,38,15,4,1,0,0,0,0,0
advanced,595,28,59,hiddenPair,46,7,4,1,1,0,0,0,0
advanced,596,28,57,hiddenPair,45,8,3,0,1,0,0,0,0
advanced,597,28,56,nakedPair,45,8,2,1,0,0,0,0,0
advanced,598,28,57,nakedPair,48,5,2,2,0,0,0,0,0
advanced,599,30,57,nakedPair,34,17,5,1,0,0,0,0,0
advanced,600,28,55,nakedPair,48,5,1,1,0,0,0,0,0
advanced,601,28,59,hiddenPair,40,13,4,1,1,0,0,0,0
advanced,602,28,56,nakedPair,37,16,2,1,0,0,0,0,0
advanced,603,28,61,hiddenPair,43,10,6,1,1,0,0,0,0
advanced,604,28,58,hiddenPair,36,17,3,1,1,0,0,0,0
advanced,605,28,57,nakedPair,47,6,3,1,0,0,0,0,0
advanced,606,28,58,hiddenPair,42,11,3,0,2,0,0,0,0
advanced,607,28,57,hiddenPair,34,19,2,1,1,0,0,0,0
advanced,608,28,61,hiddenPair,45,8,5,2,1,0,0,0,0
advanced,609,29,54,nakedPair,40,12,0,2,0,0,0,0,0
advanced,610,28,56,nakedPair,38,15,2,1,0,0,0,0,0
advanced,611,28,54,nakedPair,47,6,0,1,0,0,0,0,0
advanced,612,28,55,nakedPair,42,11,1,1,0,0,0,0,0
advanced,613,29,58,nakedPair,33,19,3,3,0,0,0,0,0
advanced,614,28,55,nakedPair,47,6,1,1,0,0,0,0,0
advanced,615,28,61,nakedPair,40,13,6,2,0,0,0,0,0
advanced,616,28,55,nakedPair,44,9,1,1,0,0,0,0,0
advanced,617,28,56,nakedPair,37,16,2,1,0,0,0,0,0
advanced,618,29,57,nakedPair,36,16,4,1,0,0,0,0,0
advanced,619,28,59,nakedPair,44,9,5,1,0,0,0,0,0
advanced,620,28,59,nakedPair,36,17,5,1,0,0,0,0,0
advanced,621,28,56,nakedPair,38,15,2,1,0,0,0,0,0
advanced,622,28,60,hiddenPair,45,8,6,0,1,0,0,0,0
advanced,623,30,53,nakedPair,43,8,1,1,0,0,0,0,0
advanced,624,28,54,nakedPair,43,10,0,1,0,0,0,0,0
advanced,625,28,57,hiddenPair,41,12,3,0,1,0,0,0,0
advanced,626,31,55,nakedPair,34,16,4,1,0,0,0,0,0
advanced,627,29,56,hiddenPair,36,16,3,0,1,0,0,0,0
advanced,628,28,59,nakedPair,45,8,5,1,0,0,0,0,0
advanced,629,28,55,nakedPair,44,9,1,1,0,0,0,0,0
advanced,630,28,61,nakedPair,42,11,6,2,0,0,0,0,0
advanced,631,28,60,nakedPair,37,16,6,1,0,0,0,0,0
advanced,632,28,55,nakedPair,44,9,1,1,0,0,0,0,0
advanced,633,29,55,hiddenPair,40,12,2,0,1,0,0,0,0
advanced,634,28,58,nakedPair,41,12,2,3,0,0,0,0,0
advanced,635,28,58,hiddenPair,43,10,4,0,1,0,0,0,0
advanced,636,28,56,nakedPair,44,9,2,1,0,0,0,0,0
advanced,637,30,54,nakedPair,40,11,2,1,0,0,0,0,0
advanced,638,28,59,nakedPair,47,6,5,1,0,0,0,0,0
advanced,639,31,58,hiddenPair,41,9,5,2,1,0,0,0,0
advanced,640,28,56,nakedPair,50,3,2,1,0,0,0,0,0
advanced,641,28,56,nakedPair,41,12,2,1,0,0,0,0,0
advanced,642,28,56,nakedPair,43,10,1,2,0,0,0,0,0
advanced,643,28,57,hiddenPair,43,10,2,1,1,0,0,0,0
advanced,644,28,57,hiddenPair,36,17,3,0,1,0,0,0,0
advanced,645,28,57,nakedPair,41,12,3,1,0,0,0,0,0
advanced,646,28,56,nakedPair,48,5,1,2,0,0,0,0,0
advanced,647,29,55,nakedPair,44,8,2,1,0,0,0,0,0
advanced,648,28,55,nakedPair,39,14,1,1,0,0,0,0,0
advanced,649,29,53,hiddenPair,40,12,0,0,1,0,0,0,0
advanced,650,29,57,nakedPair,36,16,4,1,0,0,0,0,0
advanced,651,28,56,hiddenPair,49,4,2,0,1,0,0,0,0
advanced,652,28,58,nakedPair,34,19,3,2,0,0,0,0,0
advanced,653,30,57,nakedPair,42,9,5,1,0,0,0,0,0
advanced,654,30,52,nakedPair,47,4,0,1,0,0,0,0,0
advanced,655,30,54,nakedPair,40,11,2,1,0,0,0,0,0
advanced,656,29,58,nakedPair,42,10,5,1,0,0,0,0,0
advanced,657,29,54,nakedPair,50,2,1,1,0,0,0,0,0
advanced,658,29,55,hiddenPair,42,10,1,0,2,0,0,0,0
advanced,659,28,56,hiddenPair,30,23,1,1,1,0,0,0,0
advanced,660,29,59,nakedPair,49,3,6,1,0,0,0,0,0
advanced,661,28,58,nakedPair,39,14,4,1,0,0,0,0,0
advanced,662,28,54,nakedPair,36,17,0,1,0,0,0,0,0
advanced,663,30,54,nakedPair,47,4,2,1,0,0,0,0,0
advanced,664,28,55,nakedPair,44,9,1,1,0,0,0,0,0
advanced,665,28,56,hiddenPair,42,11,2,0,1,0,0,0,0
advanced,666,29,56,nakedPair,45,7,3,1,0,0,0,0,0
advanced,667,28,57,nakedPair,41,12,3,1,0,0,0,0,0
advanced,668,28,57,hiddenPair,43,10,3,0,1,0,0,0,0
advanced,669,29,59,nakedPair,44,8,6,1,0,0,0,0,0
advanced,670,28,56,nakedPair,44,9,2,1,0,0,0,0,0
advanced,671,28,57,nakedPair,39,14,3,1,0,0,0,0,0
advanced,672,28,59,nakedPair,40,13,5,1,0,0,0,0,0
advanced,673,28,58,nakedPair,43,10,4,1,0,0,0,0,0
advanced,674,28,57,nakedPair,41,12,2,2,0,0,0,0,0
advanced,675,28,59,nakedPair,44,9,4,2,0,0,0,0,0
advanced,676,28,57,nakedPair,40,13,2,2,0,0,0,0,0
advanced,677,28,59,nakedPair,42,11,5,1,0,0,0,0,0
advanced,678,28,55,nakedPair,34,19,1,1,0,0,0,0,0
advanced,679,28,57,nakedPair,40,13,3,1,0,0,0,0,0
advanced,680,28,58,nakedPair,42,11,4,1,0,0,0,0,0
advanced,681,28,58,nakedPair,44,9,4,1,0,0,0,0,0
advanced,682,28,55,nakedPair,35,18,1,1,0,0,0,0,0
advanced,683,28,54,nakedPair,40,13,0,1,0,0,0,0,0
advanced,684,30,58,nakedPair,39,12,5,2,0,0,0,0,0
advanced,685,28,58,nakedPair,41,12,4,1,0,0,0,0,0
advanced,686,28,60,hiddenPair,41,12,5,1,1,0,0,0,0
advanced,687,28,59,nakedPair,43,10,5,1,0,0,0,0,0
advanced,688,28,55,nakedPair,36,17,1,1,0,0,0,0,0
advanced,689,28,59,nakedPair,46,7,5,1,0,0,0,0,0
advanced,690,28,56,nakedPair,38,15,2,1,0,0,0,0,0
advanced,691,30,57,hiddenPair,31,20,5,0,1,0,0,0,0
advanced,692,28,59,nakedPair,43,10,5,1,0,0,0,0,0
advanced,693,29,59,nakedPair,42,10,6,1,0,0,0,0,0
advanced,694,28,55,nakedPair,43,10,1,1,0,0,0,0,0
advanced,695,28,56,nakedPair,50,3,2,1,0,0,0,0,0
advanced,696,28,54,nakedPair,43,10,0,1,0,0,0,0,0
advanced,697,28,59,hiddenPair,41,12,5,0,1,0,0,0,0
advanced,698,28,58,nakedPair,45,8,4,1,0,0,0,0,0
advanced,699,30,59,nakedPair,41,10,7,1,0,0,0,0,0
advanced,700,28,56,nakedPair,39,14,2,1,0,0,0,0,0
advanced,701,29,53,hiddenPair,50,2,0,0,1,0,0,0,0
advanced,702,30,59,nakedPair,37,14,6,2,0,0,0,0,0
advanced,703,31,53,hiddenPair,39,11,2,0,1,0,0,0,0
advanced,704,32,57,hiddenPair,35,14,6,1,1,0,0,0,0
advanced,705,30,57,nakedPair,43,8,5,1,0,0,0,0,0
advanced,706,28,57,nakedPair,40,13,3,1,0,0,0,0,0
advanced,707,28,59,nakedPair,36,17,5,1,0,0,0,0,0
advanced,708,28,61,nakedPair,43,10,6,2,0,0,0,0,0
advanced,709,30,53,nakedPair,42,9,1,1,0,0,0,0,0
advanced,710,30,56,nakedPair,43,8,3,2,0,0,0,0,0
advanced,711,28,57,nakedPair,31,22,3,1,0,0,0,0,0
advanced,712,30,52,nakedPair,37,14,0,1,0,0,0,0,0
advanced,713,28,61,nakedPair,50,3,7,1,0,0,0,0,0
advanced,714,29,53,hiddenPair,40,12,0,0,1,0,0,0,0
advanced,715,30,54,nakedPair,36,15,1,2,0,0,0,0,0
advanced,716,28,57,nakedPair,35,18,2,2,0,0,0,0,0
advanced,717,28,56,nakedPair,42,11,2,1,0,0,0,0,0
advanced,718,28,57,nakedPair,40,13,2,2,0,0,0,0,0
advanced,719,28,57,nakedPair,42,11,3,1,0,0,0,0,0
advanced,720,29,54,nakedPair,40,12,1,1,0,0,0,0,0
advanced,721,28,57,hiddenPair,41,12,2,0,2,0,0,0,0
advanced,722,28,55,nakedPair,39,14,1,1,0,0,0,0,0
advanced,723,28,61,nakedPair,40,13,7,1,0,0,0,0,0
advanced,724,28,56,hiddenPair,34,19,2,0,1,0,0,0,0
advanced,725,30,54,hiddenPair,36,15,2,0,1,0,0,0,0
advanced,726,28,57,nakedPair,47,6,2,2,0,0,0,0,0
advanced,727,28,56,hiddenPair,45,8,2,0,1,0,0,0,0
advanced,728,28,56,nakedPair,33,20,2,1,0,0,0,0,0
advanced,729,30,56,nakedPair,44,7,4,1,0,0,0,0,0
advanced,730,28,57,nakedPair,38,15,3,1,0,0,0,0,0
advanced,731,30,55,nakedPair,45,6,3,1,0,0,0,0,0
advanced,732,30,55,nakedPair,40,11,3,1,0,0,0,0,0
advanced,733,28,54,nakedPair,43,10,0,1,0,0,0,0,0
advanced,734,28,57,nakedPair,46,7,1,3,0,0,0,0,0
advanced,735,29,54,hiddenPair,46,6,0,1,1,0,0,0,0
advanced,736,28,55,nakedPair,36,17,1,1,0,0,0,0,0
advanced,737,29,56,nakedPair,41,11,3,1,0,0,0,0,0
advanced,738,30,54,nakedPair,40,11,2,1,0,0,0,0,0
advanced,739,28,54,nakedPair,40,13,0,1,0,0,0,0,0
advanced,740,30,57,hiddenPair,43,8,4,0,2,0,0,0,0
advanced,741,28,54,nakedPair,35,18,0,1,0,0,0,0,0
advanced,742,32,50,nakedPair,34,15,0,1,0,0,0,0,0
advanced,743,28,58,nakedPair,41,12,4,1,0,0,0,0,0
advanced,744,28,56,hiddenPair,45,8,2,0,1,0,0,0,0
advanced,745,28,55,nakedPair,37,16,1,1,0,0,0,0,0
advanced,746,28,55,hiddenPair,36,17,1,0,1,0,0,0,0
advanced,747,28,56,nakedPair,33,20,2,1,0,0,0,0,0
advanced,748,28,55,hiddenPair,42,11,1,0,1,0,0,0,0
advanced,749,28,55,nakedPair,28,25,1,1,0,0,0,0,0
advanced,750,29,58,nakedPair,37,15,4,2,0,0,0,0,0
advanced,751,28,55,nakedPair,42,11,1,1,0,0,0,0,0
advanced,752,28,57,nakedPair,44,9,3,1,0,0,0,0,0
advanced,753,28,59,nakedPair,39,14,3,3,0,0,0,0,0
advanced,754,28,60,hiddenPair,47,6,6,0,1,0,0,0,0
advanced,755,29,56,nakedPair,41,11,3,1,0,0,0,0,0
advanced,756,28,58,nakedPair,43,10,4,1,0,0,0,0,0
advanced,757,30,52,nakedPair,44,7,0,1,0,0,0,0,0
advanced,758,28,56,nakedPair,41,12,2,1,0,0,0,0,0
advanced,759,28,54,nakedPair,34,19,0,1,0,0,0,0,0
advanced,760,28,55,nakedPair,43,10,1,1,0,0,0,0,0
advanced,761,30,56,nakedPair,39,12,4,1,0,0,0,0,0
advanced,762,28,58,hiddenPair,42,11,4,0,1,0,0,0,0
advanced,763,28,59,hiddenPair,47,6,3,1,2,0,0,0,0
advanced,764,30,57,nakedPair,41,10,5,1,0,0,0,0,0
advanced,765,28,56,nakedPair,35,18,2,1,0,0,0,0,0
advanced,766,32,52,nakedPair,32,17,2,1,0,0,0,0,0
advanced,767,29,54,nakedPair,41,11,0,2,0,0,0,0,0
advanced,768,30,54,nakedPair,34,17,2,1,0,0,0,0,0
advanced,769,29,53,nakedPair,36,16,0,1,0,0,0,0,0
advanced,770,28,58,nakedPair,41,12,4,1,0,0,0,0,0
advanced,771,29,54,nakedPair,45,7,1,1,0,0,0,0,0
advanced,772,28,58,nakedPair,37,16,4,1,0,0,0,0,0
advanced,773,28,58,hiddenPair,42,11,3,0,2,0,0,0,0
advanced,774,28,57,nakedPair,40,13,3,1,0,0,0,0,0
advanced,775,28,57,hiddenPair,43,10,3,0,1,0,0,0,0
advanced,776,28,56,nakedPair,40,13,2,1,0,0,0,0,0
advanced,777,30,57,nakedPair,39,12,5,1,0,0,0,0,0
advanced,778,28,58,hiddenPair,44,9,3,1,1,0,0,0,0
advanced,779,28,56,nakedPair,37,16,2,1,0,0,0,0,0
advanced,780,28,56,nakedPair,39,14,2,1,0,0,0,0,0
advanced,781,28,60,nakedPair,39,14,6,1,0,0,0,0,0
advanced,782,30,54,nakedPair,48,3,1,2,0,0,0,0,0
advanced,783,29,57,nakedPair,49,3,4,1,0,0,0,0,0
advanced,784,28,55,nakedPair,41,12,1,1,0,0,0,0,0
advanced,785,28,54,nakedPair,42,11,0,1,0,0,0,0,0
advanced,786,30,59,nakedPair,42,9,6,2,0,0,0,0,0
advanced,787,28,55,nakedPair,39,14,1,1,0,0,0,0,0
advanced,788,28,56,nakedPair,34,19,2,1,0,0,0,0,0
advanced,789,28,59,hiddenPair,44,9,5,0,1,0,0,0,0
advanced,790,28,54,nakedPair,36,17,0,1,0,0,0,0,0
advanced,791,28,55,nakedPair,44,9,1,1,0,0,0,0,0
advanced,792,28,61,nakedPair,47,6,6,2,0,0,0,0,0
advanced,793,28,56,nakedPair,35,18,2,1,0,0,0,0,0
advanced,794,30,57,nakedPair,41,10,5,1,0,0,0,0,0
advanced,795,28,59,nakedPair,43,10,5,1,0,0,0,0,0
advanced,796,30,54,nakedPair,42,9,2,1,0,0,0,0,0
advanced,797,28,57,hiddenPair,46,7,2,1,1,0,0,0,0
advanced,798,28,55,nakedPair,43,10,1,1,0,0,0,0,0
advanced,799,29,54,nakedPair,41,11,1,1,0,0,0,0,0
advanced,800,29,58,nakedPair,40,12,5,1,0,0,0,0,0
advanced,801,29,60,nakedPair,44,8,7,1,0,0,0,0,0
advanced,802,29,55,nakedPair,39,13,2,1,0,0,0,0,0
advanced,803,30,56,hiddenPair,35,16,4,0,1,0,0,0,0
advanced,804,28,55,nakedPair,40,13,1,1,0,0,0,0,0
advanced,805,28,54,nakedPair,41,12,0,1,0,0,0,0,0
advanced,806,28,60,hiddenPair,43,10,4,1,2,0,0,0,0
advanced,807,28,57,nakedPair,40,13,2,2,0,0,0,0,0
advanced,808,28,55,hiddenPair,36,17,1,0,1,0,0,0,0
advanced,809,28,56,nakedPair,42,11,2,1,0,0,0,0,0
advanced,810,28,59,hiddenPair,41,12,4,1,1,0,0,0,0
advanced,811,30,53,hiddenPair,41,10,1,0,1,0,0,0,0
advanced,812,28,55,nakedPair,43,10,1,1,0,0,0,0,0
advanced,813,28,60,nakedPair,43,10,5,2,0,0,0,0,0
advanced,814,28,59,nakedPair,40,13,5,1,0,0,0,0,0
advanced,815,28,54,nakedPair,32,21,0,1,0,0,0,0,0
advanced,816,28,59,nakedPair,39,14,5,1,0,0,0,0,0
advanced,817,28,61,hiddenPair,43,10,7,0,1,0,0,0,0
advanced,818,29,55,nakedPair,44,8,2,1,0,0,0,0,0
advanced,819,29,58,hiddenPair,37,15,4,0,2,0,0,0,0
advanced,820,31,54,hiddenPair,35,15,2,1,1,0,0,0,0
advanced,821,28,57,nakedPair,50,3,3,1,0,0,0,0,0
advanced,822,29,59,nakedPair,38,14,4,3,0,0,0,0,0
advanced,823,29,55,nakedPair,42,10,2,1,0,0,0,0,0
advanced,824,28,54,nakedPair,52,1,0,1,0,0,0,0,0
advanced,825,28,55,nakedPair,41,12,1,1,0,0,0,0,0
advanced,826,28,57,hiddenPair,42,11,2,0,2,0,0,0,0
advanced,827,28,54,hiddenPair,40,13,0,0,1,0,0,0,0
advanced,828,30,53,nakedPair,35,16,1,1,0,0,0,0,0
advanced,829,28,54,hiddenPair,48,5,0,0,1,0,0,0,0
advanced,830,32,53,hiddenPair,45,4,2,0,2,0,0,0,0
advanced,831,28,59,nakedPair,41,12,4,2,0,0,0,0,0
advanced,832,29,60,nakedPair,41,11,6,2,0,0,0,0,0
advanced,833,30,56,nakedPair,35,16,4,1,0,0,0,0,0
advanced,834,30,58,nakedPair,37,14,6,1,0,0,0,0,0
advanced,835,28,59,hiddenPair,40,13,4,1,1,0,0,0,0
advanced,836,30,57,nakedPair,41,10,4,2,0,0,0,0,0
advanced,837,28,54,nakedPair,37,16,0,1,0,0,0,0,0
advanced,838,29,53,hiddenPair,43,9,0,0,1,0,0,0,0
advanced,839,28,60,hiddenPair,46,7,5,0,2,0,0,0,0
advanced,840,28,56,hiddenPair,34,19,2,0,1,0,0,0,0
advanced,841,28,59,nakedPair,37,16,4,2,0,0,0,0,0
advanced,842,28,58,nakedPair,40,13,3,2,0,0,0,0,0
advanced,843,28,58,nakedPair,44,9,4,1,0,0,0,0,0
advanced,844,28,58,nakedPair,35,18,4,1,0,0,0,0,0
advanced,845,29,58,nakedPair,38,14,5,1,0,0,0,0,0
advanced,846,29,57,nakedPair,36,16,4,1,0,0,0,0,0
advanced,847,28,56,nakedPair,36,17,2,1,0,0,0,0,0
advanced,848,29,56,nakedPair,44,8,3,1,0,0,0,0,0
advanced,849,29,58,nakedPair,35,17,5,1,0,0,0,0,0
advanced,850,28,58,nakedPair,33,20,4,1,0,0,0,0,0
advanced,851,28,58,nakedPair,40,13,4,1,0,0,0,0,0
advanced,852,29,54,nakedPair,47,5,1,1,0,0,0,0,0
advanced,853,28,58,hiddenPair,44,9,1,2,2,0,0,0,0
advanced,854,28,57,hiddenPair,40,13,2,1,1,0,0,0,0
advanced,855,28,54,hiddenPair,45,8,0,0,1,0,0,0,0
advanced,856,28,54,nakedPair,43,10,0,1,0,0,0,0,0
advanced,857,29,59,nakedPair,44,8,6,1,0,0,0,0,0
advanced,858,29,59,nakedPair,44,8,5,2,0,0,0,0,0
advanced,859,29,56,nakedPair,44,8,3,1,0,0,0,0,0
advanced,860,28,57,hiddenPair,46,7,2,1,1,0,0,0,0
advanced,861,28,55,nakedPair,40,13,1,1,0,0,0,0,0
advanced,862,29,57,hiddenPair,48,4,4,0,1,0,0,0,0
advanced,863,29,56,hiddenPair,44,8,2,1,1,0,0,0,0
advanced,864,28,56,nakedPair,44,9,2,1,0,0,0,0,0
advanced,865,28,54,nakedPair,39,14,0,1,0,0,0,0,0
advanced,866,29,57,hiddenPair,29,23,4,0,1,0,0,0,0
advanced,867,30,55,nakedPair,41,10,2,2,0,0,0,0,0
advanced,868,28,57,nakedPair,47,6,2,2,0,0,0,0,0
advanced,869,28,55,nakedPair,52,1,1,1,0,0,0,0,0
advanced,870,29,55,hiddenPair,32,20,2,0,1,0,0,0,0
advanced,871,28,58,nakedPair,36,17,4,1,0,0,0,0,0
advanced,872,28,55,nakedPair,41,12,1,1,0,0,0,0,0
advanced,873,28,55,nakedPair,33,20,1,1,0,0,0,0,0
advanced,874,29,54,nakedPair,43,9,1,1,0,0,0,0,0
advanced,875,28,54,nakedPair,49,4,0,1,0,0,0,0,0
advanced,876,28,55,nakedPair,53,0,1,1,0,0,0,0,0
advanced,877,29,55,nakedPair,45,7,2,1,0,0,0,0,0
advanced,878,30,54,nakedPair,43,8,2,1,0,0,0,0,0
advanced,879,28,58,hiddenPair,43,10,3,0,2,0,0,0,0
advanced,880,28,55,nakedPair,42,11,1,1,0,0,0,0,0
advanced,881,28,56,nakedPair,43,10,2,1,0,0,0,0,0
advanced,882,28,56,nakedPair,47,6,2,1,0,0,0,0,0
advanced,883,28,55,nakedPair,41,12,1,1,0,0,0,0,0
advanced,884,29,54,nakedPair,29,23,1,1,0,0,0,0,0
advanced,885,29,55,nakedPair,40,12,1,2,0,0,0,0,0
advanced,886,31,55,nakedPair,36,14,4,1,0,0,0,0,0
advanced,887,30,55,nakedPair,38,13,3,1,0,0,0,0,0
advanced,888,28,56,hiddenPair,43,10,1,1,1,0,0,0,0
advanced,889,30,53,nakedPair,32,19,1,1,0,0,0,0,0
advanced,890,28,55,nakedPair,26,27,1,1,0,0,0,0,0
advanced,891,28,60,hiddenPair,45,8,5,1,1,0,0,0,0
advanced,892,28,59,nakedPair,41,12,4,2,0,0,0,0,0
advanced,893,28,56,hiddenPair,36,17,1,0,2,0,0,0,0
advanced,894,28,57,nakedPair,37,16,3,1,0,0,0,0,0
advanced,895,28,56,nakedPair,46,7,1,2,0,0,0,0,0
advanced,896,28,58,nakedPair,43,10,4,1,0,0,0,0,0
advanced,897,29,53,nakedPair,41,11,0,1,0,0,0,0,0
advanced,898,28,58,hiddenPair,39,14,4,0,1,0,0,0,0
advanced,899,29,57,nakedPair,46,6,4,1,0,0,0,0,0
advanced,900,30,52,hiddenPair,45,6,0,0,1,0,0,0,0
advanced,901,28,57,nakedPair,44,9,3,1,0,0,0,0,0
advanced,902,28,60,nakedPair,43,10,5,2,0,0,0,0,0
advanced,903,28,56,nakedPair,41,12,2,1,0,0,0,0,0
advanced,904,28,58,nakedPair,46,7,4,1,0,0,0,0,0
advanced,905,28,58,nakedPair,47,6,3,2,0,0,0,0,0
advanced,906,29,55,nakedPair,31,21,2,1,0,0,0,0,0
advanced,907,31,53,hiddenPair,43,7,0,1,2,0,0,0,0
advanced,908,30,56,nakedPair,38,13,4,1,0,0,0,0,0
advanced,909,29,54,nakedPair,51,1,1,1,0,0,0,0,0
advanced,910,28,56,nakedPair,45,8,2,1,0,0,0,0,0
advanced,911,28,54,nakedPair,44,9,0,1,0,0,0,0,0
advanced,912,28,55,nakedPair,46,7,0,2,0,0,0,0,0
advanced,913,28,59,nakedPair,38,15,4,2,0,0,0,0,0
advanced,914,29,55,nakedPair,38,14,2,1,0,0,0,0,0
advanced,915,29,55,nakedPair,41,11,2,1,0,0,0,0,0
advanced,916,28,59,hiddenPair,41,12,5,0,1,0,0,0,0
advanced,917,28,57,hiddenPair,40,13,2,1,1,0,0,0,0
advanced,918,30,56,nakedPair,43,8,4,1,0,0,0,0,0
advanced,919,28,55,nakedPair,43,10,1,1,0,0,0,0,0
advanced,920,30,54,nakedPair,40,11,2,1,0,0,0,0,0
advanced,921,28,54,nakedPair,43,10,0,1,0,0,0,0,0
advanced,922,28,56,nakedPair,45,8,2,1,0,0,0,0,0
advanced,923,29,57,nakedPair,45,7,4,1,0,0,0,0,0
advanced,924,28,56,nakedPair,46,7,2,1,0,0,0,0,0
advanced,925,28,54,nakedPair,33,20,0,1,0,0,0,0,0
advanced,926,28,57,nakedPair,50,3,3,1,0,0,0,0,0
advanced,927,28,58,hiddenPair,44,9,3,1,1,0,0,0,0
advanced,928,28,55,hiddenPair,37,16,1,0,1,0,0,0,0
advanced,929,30,54,nakedPair,34,17,2,1,0,0,0,0,0
advanced,930,30,58,nakedPair,39,12,5,2,0,0,0,0,0
advanced,931,28,58,hiddenPair,41,12,3,0,2,0,0,0,0
advanced,932,28,59,nakedPair,44,9,5,1,0,0,0,0,0
advanced,933,30,54,hiddenPair,37,14,1,1,1,0,0,0,0
advanced,934,28,58,nakedPair,41,12,4,1,0,0,0,0,0
advanced,935,28,55,nakedPair,43,10,1,1,0,0,0,0,0
advanced,936,30,54,hiddenPair,35,16,2,0,1,0,0,0,0
advanced,937,28,56,nakedPair,36,17,2,1,0,0,0,0,0
advanced,938,28,57,nakedPair,50,3,3,1,0,0,0,0,0
advanced,939,28,59,nakedPair,50,3,4,2,0,0,0,0,0
advanced,940,28,59,nakedPair,46,7,4,2,0,0,0,0,0
advanced,941,28,55,nakedPair,43,10,1,1,0,0,0,0,0
advanced,942,28,55,nakedPair,43,10,1,1,0,0,0,0,0
advanced,943,30,55,nakedPair,44,7,3,1,0,0,0,0,0
advanced,944,29,57,nakedPair,43,9,4,1,0,0,0,0,0
advanced,945,28,55,hiddenPair,37,16,1,0,1,0,0,0,0
advanced,946,28,58,nakedPair,43,10,4,1,0,0,0,0,0
advanced,947,28,58,hiddenPair,45,8,4,0,1,0,0,0,0
advanced,948,28,59,nakedPair,49,4,5,1,0,0,0,0,0
advanced,949,28,59,nakedPair,35,18,5,1,0,0,0,0,0
advanced,950,28,56,nakedPair,44,9,2,1,0,0,0,0,0
advanced,951,28,56,nakedPair,48,5,2,1,0,0,0,0,0
advanced,952,30,54,nakedPair,35,16,2,1,0,0,0,0,0
advanced,953,30,59,nakedPair,40,11,6,2,0,0,0,0,0
advanced,954,30,55,nakedPair,36,15,3,1,0,0,0,0,0
advanced,955,28,56,nakedPair,46,7,2,1,0,0,0,0,0
advanced,956,28,54,nakedPair,43,10,0,1,0,0,0,0,0
advanced,957,30,56,nakedPair,47,4,4,1,0,0,0,0,0
advanced,958,28,57,hiddenPair,47,6,3,0,1,0,0,0,0
advanced,959,28,61,nakedPair,41,12,6,2,0,0,0,0,0
advanced,960,29,55,nakedPair,41,11,2,1,0,0,0,0,0
advanced,961,30,55,hiddenPair,38,13,2,1,1,0,0,0,0
advanced,962,28,54,nakedPair,45,8,0,1,0,0,0,0,0
advanced,963,28,56,nakedPair,37,16,2,1,0,0,0,0,0
advanced,964,28,58,nakedPair,42,11,4,1,0,0,0,0,0
advanced,965,31,51,nakedPair,47,3,0,1,0,0,0,0,0
advanced,966,28,56,nakedPair,45,8,2,1,0,0,0,0,0
advanced,967,28,56,nakedPair,35,18,2,1,0,0,0,0,0
advanced,968,30,55,nakedPair,47,4,2,2,0,0,0,0,0
advanced,969,28,56,nakedPair,43,10,2,1,0,0,0,0,0
advanced,970,28,58,hiddenPair,44,9,3,1,1,0,0,0,0
advanced,971,28,60,nakedPair,40,13,5,2,0,0,0,0,0
advanced,972,28,59,nakedPair,45,8,5,1,0,0,0,0,0
advanced,973,28,57,nakedPair,47,6,3,1,0,0,0,0,0
advanced,974,28,55,hiddenPair,39,14,1,0,1,0,0,0,0
advanced,975,28,55,nakedPair,37,16,1,1,0,0,0,0,0
advanced,976,28,56,nakedPair,49,4,2,1,0,0,0,0,0
advanced,977,28,61,hiddenPair,40,13,7,0,1,0,0,0,0
advanced,978,29,58,nakedPair,44,8,3,3,0,0,0,0,0
advanced,979,28,58,hiddenPair,43,10,3,1,1,0,0,0,0
advanced,980,28,58,nakedPair,48,5,3,2,0,0,0,0,0
advanced,981,29,56,nakedPair,42,10,3,1,0,0,0,0,0
advanced,982,28,54,nakedPair,43,10,0,1,0,0,0,0,0
advanced,983,28,56,nakedPair,31,22,2,1,0,0,0,0,0
advanced,984,28,58,nakedPair,40,13,3,2,0,0,0,0,0
advanced,985,28,54,hiddenPair,39,14,0,0,1,0,0,0,0
advanced,986,28,59,nakedPair,43,10,5,1,0,0,0,0,0
advanced,987,28,59,nakedPair,42,11,3,3,0,0,0,0,0
advanced,988,28,60,nakedPair,45,8,5,2,0,0,0,0,0
advanced,989,30,53,nakedPair,34,17,1,1,0,0,0,0,0
advanced,990,30,57,nakedPair,38,13,3,3,0,0,0,0,0
advanced,991,28,54,nakedPair,48,5,0,1,0,0,0,0,0
advanced,992,28,57,hiddenPair,47,6,3,0,1,0,0,0,0
advanced,993,28,58,nakedPair,45,8,4,1,0,0,0,0,0
advanced,994,29,57,nakedPair,37,15,4,1,0,0,0,0,0
advanced,995,29,58,nakedPair,43,9,2,4,0,0,0,0,0
advanced,996,28,56,nakedPair,46,7,2,1,0,0,0,0,0
advanced,997,29,54,nakedPair,41,11,1,1,0,0,0,0,0
advanced,998,28,57,nakedPair,40,13,3,1,0,0,0,0,0
advanced,999,29,59,hiddenPair,43,9,4,2,1,0,0,0,0
advanced,1000,28,54,nakedPair,41,12,0,1,0,0,0,0,0
hard,1,24,63,nakedTriple,43,14,4,0,1,1,0,0,0
hard,2,28,59,nakedTriple,37,16,5,0,0,1,0,0,0
hard,3,30,58,nakedTriple,37,14,6,0,0,1,0,0,0
hard,4,24,61,nakedTriple,45,12,1,0,1,2,0,0,0
hard,5,30,56,nakedTriple,42,9,4,0,0,1,0,0,0
hard,6,27,60,nakedTriple,39,15,4,1,0,1,0,0,0
hard,7,28,63,nakedTriple,43,10,8,1,0,1,0,0,0
hard,8,28,58,nakedTriple,46,7,3,1,0,1,0,0,0
hard,9,26,67,nakedTriple,48,7,9,1,1,1,0,0,0
hard,10,25,65,nakedTriple,42,14,6,0,2,1,0,0,0
hard,11,28,61,nakedTriple,45,8,5,2,0,1,0,0,0
hard,12,28,61,nakedTriple,43,10,4,1,1,2,0,0,0
hard,13,27,59,nakedTriple,35,19,4,0,0,1,0,0,0
hard,14,26,66,nakedTriple,43,12,7,1,2,1,0,0,0
hard,15,30,55,nakedTriple,40,11,3,0,0,1,0,0,0
hard,16,28,57,nakedTriple,43,10,1,1,1,1,0,0,0
hard,17,26,60,nakedTriple,46,9,3,1,0,1,0,0,0
hard,18,26,60,nakedTriple,46,9,4,0,0,1,0,0,0
hard,19,28,59,nakedTriple,43,10,4,0,1,1,0,0,0
hard,20,30,55,nakedTriple,43,8,3,0,0,1,0,0,0
hard,21,28,57,nakedTriple,32,21,2,1,0,1,0,0,0
hard,22,28,60,nakedTriple,46,7,5,0,1,1,0,0,0
hard,23,28,60,nakedTriple,44,9,3,0,3,1,0,0,0
hard,24,29,53,nakedTriple,43,9,0,0,0,1,0,0,0
hard,25,28,61,nakedTriple,41,12,5,0,1,2,0,0,0
hard,26,24,65,nakedTriple,48,9,7,0,0,1,0,0,0
hard,27,28,60,nakedTriple,45,8,4,2,0,1,0,0,0
hard,28,30,55,nakedTriple,45,6,1,0,2,1,0,0,0
hard,29,26,61,nakedTriple,39,16,4,1,0,1,0,0,0
hard,30,26,60,nakedTriple,40,15,4,0,0,1,0,0,0
hard,31,28,57,nakedTriple,40,13,3,0,0,1,0,0,0
hard,32,26,62,nakedTriple,46,9,4,1,1,1,0,0,0
hard,33,25,64,nakedTriple,46,10,5,1,1,1,0,0,0
hard,34,26,61,nakedTriple,39,16,3,0,2,1,0,0,0
hard,35,28,61,nakedTriple,36,17,4,3,0,1,0,0,0
hard,36,25,77,nakedTriple,45,11,13,6,1,1,0,0,0
hard,37,26,63,nakedTriple,39,16,5,2,0,1,0,0,0
hard,38,28,56,nakedTriple,46,7,2,0,0,1,0,0,0
hard,39,30,57,nakedTriple,41,10,2,3,0,1,0,0,0
hard,40,28,63,nakedTriple,46,7,6,1,2,1,0,0,0
hard,41,28,54,nakedTriple,42,11,0,0,0,1,0,0,0
hard,42,26,65,nakedTriple,44,11,5,4,0,1,0,0,0
hard,43,29,57,nakedTriple,46,6,3,1,0,1,0,0,0
hard,44,30,56,nakedTriple,39,12,3,1,0,1,0,0,0
hard,45,27,58,nakedTriple,41,13,3,0,0,1,0,0,0
hard,46,26,62,nakedTriple,38,17,5,0,1,1,0,0,0
hard,47,26,58,nakedTriple,44,11,2,0,0,1,0,0,0
hard,48,27,62,nakedTriple,31,23,5,2,0,1,0,0,0
hard,49,28,55,nakedTriple,37,16,1,0,0,1,0,0,0
hard,50,28,57,nakedTriple,43,10,2,1,0,1,0,0,0
hard,51,28,61,nakedTriple,48,5,4,2,0,2,0,0,0
hard,52,26,62,nakedTriple,44,11,4,0,2,1,0,0,0
hard,53,28,64,nakedTriple,40,13,9,1,0,1,0,0,0
hard,54,24,62,nakedTriple,49,8,3,0,1,1,0,0,0
hard,55,28,56,nakedTriple,50,3,1,0,1,1,0,0,0
hard,56,28,55,nakedTriple,39,14,0,1,0,1,0,0,0
hard,57,28,59,nakedTriple,38,15,4,1,0,1,0,0,0
hard,58,30,52,nakedTriple,30,21,0,0,0,1,0,0,0
hard,59,26,64,nakedTriple,42,13,7,1,0,1,0,0,0
hard,60,28,54,nakedTriple,41,12,0,0,0,1,0,0,0
hard,61,26,62,nakedTriple,42,13,5,0,1,1,0,0,0
hard,62,25,63,nakedTriple,51,5,6,0,0,1,0,0,0
hard,63,27,58,nakedTriple,40,14,3,0,0,1,0,0,0
hard,64,28,56,nakedTriple,47,6,1,1,0,1,0,0,0
hard,65,28,57,nakedTriple,42,11,3,0,0,1,0,0,0
hard,66,27,60,nakedTriple,38,16,5,0,0,1,0,0,0
hard,67,26,62,nakedTriple,45,10,4,1,1,1,0,0,0
hard,68,30,55,nakedTriple,41,10,3,0,0,1,0,0,0
hard,69,28,56,nakedTriple,41,12,1,1,0,1,0,0,0
hard,70,28,58,nakedTriple,42,11,3,1,0,1,0,0,0
hard,71,28,58,nakedTriple,38,15,0,2,2,1,0,0,0
hard,72,26,61,nakedTriple,44,11,3,1,1,1,0,0,0
hard,73,28,62,nakedTriple,40,13,6,1,1,1,0,0,0
hard,74,26,60,nakedTriple,43,12,4,0,0,1,0,0,0
hard,75,26,65,nakedTriple,50,5,6,2,1,1,0,0,0
hard,76,28,56,nakedTriple,44,9,2,0,0,1,0,0,0
hard,77,26,61,nakedTriple,39,16,5,0,0,1,0,0,0
hard,78,27,56,nakedTriple,41,13,0,0,1,1,0,0,0
hard,79,28,57,nakedTriple,39,14,3,0,0,1,0,0,0
hard,80,28,60,nakedTriple,42,11,6,0,0,1,0,0,0
hard,81,26,62,nakedTriple,46,9,4,0,2,1,0,0,0
hard,82,26,62,nakedTriple,46,9,2,3,1,1,0,0,0
hard,83,26,58,nakedTriple,43,12,2,0,0,1,0,0,0
hard,84,28,64,nakedTriple,48,5,6,3,1,1,0,0,0
hard,85,25,64,nakedTriple,45,11,5,1,1,1,0,0,0
hard,86,28,61,nakedTriple,43,10,7,0,0,1,0,0,0
hard,87,26,58,nakedTriple,44,11,2,0,0,1,0,0,0
hard,88,26,58,nakedTriple,42,13,2,0,0,1,0,0,0
hard,89,25,71,nakedTriple,49,7,11,3,0,1,0,0,0
hard,90,29,56,nakedTriple,48,4,2,0,1,1,0,0,0
hard,91,28,58,nakedTriple,38,15,2,1,1,1,0,0,0
hard,92,28,66,nakedTriple,42,11,8,3,1,1,0,0,0
hard,93,28,54,nakedTriple,36,17,0,0,0,1,0,0,0
hard,94,30,58,nakedTriple,44,7,6,0,0,1,0,0,0
hard,95,26,65,nakedTriple,42,13,7,2,0,1,0,0,0
hard,96,28,61,nakedTriple,42,11,5,2,0,1,0,0,0
hard,97,29,57,nakedTriple,38,14,3,1,0,1,0,0,0
hard,98,30,56,nakedTriple,36,15,3,1,0,1,0,0,0
hard,99,32,52,nakedTriple,42,7,0,1,1,1,0,0,0
hard,100,25,61,nakedTriple,45,11,3,0,1,1,0,0,0
hard,101,27,58,nakedTriple,46,8,2,1,0,1,0,0,0
hard,102,24,67,nakedTriple,43,14,6,1,1,2,0,0,0
hard,103,29,58,nakedTriple,47,5,4,0,1,1,0,0,0
hard,104,28,58,nakedTriple,40,13,4,0,0,1,0,0,0
hard,105,28,60,nakedTriple,38,15,2,4,0,1,0,0,0
hard,106,28,56,nakedTriple,43,10,2,0,0,1,0,0,0
hard,107,28,59,nakedTriple,44,9,4,1,0,1,0,0,0
hard,108,27,57,nakedTriple,48,6,0,0,2,1,0,0,0
hard,109,28,59,nakedTriple,39,14,3,1,1,1,0,0,0
hard,110,27,59,nakedTriple,49,5,3,1,0,1,0,0,0
hard,111,26,63,nakedTriple,43,12,7,0,0,1,0,0,0
hard,112,26,61,nakedTriple,40,15,5,0,0,1,0,0,0
hard,113,28,57,nakedTriple,44,9,3,0,0,1,0,0,0
hard,114,26,62,nakedTriple,45,10,4,0,2,1,0,0,0
hard,115,26,64,nakedTriple,42,13,7,1,0,1,0,0,0
hard,116,28,58,nakedTriple,44,9,4,0,0,1,0,0,0
hard,117,26,66,nakedTriple,46,9,6,3,1,1,0,0,0
hard,118,23,65,nakedTriple,45,13,6,0,0,1,0,0,0
hard,119,26,61,nakedTriple,39,16,2,1,2,1,0,0,0
hard,120,26,58,nakedTriple,42,13,0,2,0,1,0,0,0
hard,121,28,62,nakedTriple,42,11,7,1,0,1,0,0,0
hard,122,28,59,nakedTriple,45,8,2,0,2,2,0,0,0
hard,123,30,56,nakedTriple,43,8,4,0,0,1,0,0,0
hard,124,27,64,nakedTriple,43,11,7,1,0,2,0,0,0
hard,125,25,61,nakedTriple,49,7,4,0,0,1,0,0,0
hard,126,26,59,nakedTriple,50,5,3,0,0,1,0,0,0
hard,127,29,55,nakedTriple,38,14,1,0,1,1,0,0,0
hard,128,30,58,nakedTriple,39,12,5,1,0,1,0,0,0
hard,129,29,55,nakedTriple,42,10,2,0,0,1,0,0,0
hard,130,29,53,nakedTriple,46,6,0,0,0,1,0,0,0
hard,131,30,58,nakedTriple,44,7,6,0,0,1,0,0,0
hard,132,28,59,nakedTriple,35,18,5,0,0,1,0,0,0
hard,133,26,57,nakedTriple,44,11,0,0,0,2,0,0,0
hard,134,31,57,nakedTriple,49,1,1,4,1,1,0,0,0
hard,135,28,60,nakedTriple,42,11,6,0,0,1,0,0,0
hard,136,28,56,nakedTriple,37,16,1,1,0,1,0,0,0
hard,137,26,59,nakedTriple,44,11,2,0,1,1,0,0,0
hard,138,28,62,nakedTriple,42,11,7,0,1,1,0,0,0
hard,139,32,52,nakedTriple,42,7,2,0,0,1,0,0,0
hard,140,30,57,nakedTriple,41,10,4,1,0,1,0,0,0
hard,141,26,65,nakedTriple,44,11,8,1,0,1,0,0,0
hard,142,28,59,nakedTriple,40,13,4,1,0,1,0,0,0
hard,143,28,62,nakedTriple,47,6,7,1,0,1,0,0,0
hard,144,31,57,nakedTriple,38,12,6,0,0,1,0,0,0
hard,145,26,61,nakedTriple,45,10,2,3,0,1,0,0,0
hard,146,28,56,nakedTriple,49,4,0,2,0,1,0,0,0
hard,147,26,60,nakedTriple,41,14,3,1,0,1,0,0,0
hard,148,27,60,nakedTriple,49,5,4,1,0,1,0,0,0
hard,149,28,54,nakedTriple,38,15,0,0,0,1,0,0,0
hard,150,24,63,nakedTriple,48,9,4,0,1,1,0,0,0
hard,151,28,57,nakedTriple,34,19,1,1,1,1,0,0,0
hard,152,30,52,nakedTriple,39,12,0,0,0,1,0,0,0
hard,153,28,56,nakedTriple,46,7,2,0,0,1,0,0,0
hard,154,27,57,nakedTriple,42,12,1,1,0,1,0,0,0
hard,155,31,56,nakedTriple,37,13,3,2,0,1,0,0,0
hard,156,27,56,nakedTriple,38,16,1,0,0,1,0,0,0
hard,157,24,62,nakedTriple,38,19,4,0,0,1,0,0,0
hard,158,24,61,nakedTriple,49,8,2,1,0,1,0,0,0
hard,159,28,57,nakedTriple,40,13,2,1,0,1,0,0,0
hard,160,27,62,nakedTriple,45,9,4,2,1,1,0,0,0
hard,161,28,60,nakedTriple,45,8,4,2,0,1,0,0,0
hard,162,26,63,nakedTriple,47,8,6,0,1,1,0,0,0
hard,163,26,59,nakedTriple,46,9,3,0,0,1,0,0,0
hard,164,28,59,nakedTriple,43,10,4,0,1,1,0,0,0
hard,165,28,62,nakedTriple,43,10,6,2,0,1,0,0,0
hard,166,25,58,nakedTriple,43,13,0,1,0,1,0,0,0
hard,167,26,59,nakedTriple,42,13,3,0,0,1,0,0,0
hard,168,26,57,nakedTriple,42,13,1,0,0,1,0,0,0
hard,169,26,62,nakedTriple,37,18,5,1,0,1,0,0,0
hard,170,27,63,nakedTriple,42,12,5,2,1,1,0,0,0
hard,171,28,55,nakedTriple,37,16,0,0,1,1,0,0,0
hard,172,30,54,nakedTriple,43,8,1,0,1,1,0,0,0
hard,173,28,56,nakedTriple,41,12,1,0,1,1,0,0,0
hard,174,27,58,nakedTriple,47,7,2,0,1,1,0,0,0
hard,175,28,56,nakedTriple,33,20,2,0,0,1,0,0,0
hard,176,26,61,nakedTriple,44,11,3,1,1,1,0,0,0
hard,177,28,65,nakedTriple,43,10,7,2,2,1,0,0,0
hard,178,28,58,nakedTriple,48,5,4,0,0,1,0,0,0
hard,179,28,56,nakedTriple,40,13,1,0,1,1,0,0,0
hard,180,30,56,nakedTriple,44,7,2,2,0,1,0,0,0
hard,181,27,59,nakedTriple,42,12,4,0,0,1,0,0,0
hard,182,28,57,nakedTriple,38,15,2,1,0,1,0,0,0
hard,183,31,54,nakedTriple,41,9,2,0,1,1,0,0,0
hard,184,29,57,nakedTriple,44,8,3,0,1,1,0,0,0
hard,185,28,60,nakedTriple,44,9,5,0,1,1,0,0,0
hard,186,25,62,nakedTriple,39,17,5,0,0,1,0,0,0
hard,187,30,54,nakedTriple,43,8,1,1,0,1,0,0,0
hard,188,28,58,nakedTriple,43,10,4,0,0,1,0,0,0
hard,189,28,55,nakedTriple,39,14,0,1,0,1,0,0,0
hard,190,29,53,nakedTriple,37,15,0,0,0,1,0,0,0
hard,191,25,60,nakedTriple,45,11,2,0,1,1,0,0,0
hard,192,26,60,nakedTriple,47,8,4,0,0,1,0,0,0
hard,193,26,56,nakedTriple,49,6,0,0,0,1,0,0,0
hard,194,28,59,nakedTriple,38,15,5,0,0,1,0,0,0
hard,195,25,60,nakedTriple,42,14,3,0,0,1,0,0,0
hard,196,26,61,nakedTriple,46,9,3,2,0,1,0,0,0
hard,197,27,65,nakedTriple,44,10,7,3,0,1,0,0,0
hard,198,26,57,nakedTriple,48,7,1,0,0,1,0,0,0
hard,199,28,58,nakedTriple,45,8,4,0,0,1,0,0,0
hard,200,26,58,nakedTriple,37,18,2,0,0,1,0,0,0
hard,201,29,57,nakedTriple,45,7,3,1,0,1,0,0,0
hard,202,26,62,nakedTriple,49,6,5,1,0,1,0,0,0
hard,203,28,60,nakedTriple,38,15,3,2,1,1,0,0,0
hard,204,26,64,nakedTriple,45,10,6,2,0,1,0,0,0
hard,205,29,59,nakedTriple,42,10,5,1,0,1,0,0,0
hard,206,28,57,nakedTriple,43,10,2,1,0,1,0,0,0
hard,207,26,60,nakedTriple,43,12,3,1,0,1,0,0,0
hard,208,27,57,nakedTriple,32,22,2,0,0,1,0,0,0
hard,209,28,62,nakedTriple,38,15,5,3,0,1,0,0,0
hard,210,32,54,nakedTriple,42,7,4,0,0,1,0,0,0
hard,211,24,64,nakedTriple,46,11,5,1,0,1,0,0,0
hard,212,26,60,nakedTriple,39,16,4,0,0,1,0,0,0
hard,213,28,60,nakedTriple,41,12,6,0,0,1,0,0,0
hard,214,28,61,nakedTriple,45,8,3,3,1,1,0,0,0
hard,215,28,57,nakedTriple,45,8,3,0,0,1,0,0,0
hard,216,25,63,nakedTriple,38,18,4,1,1,1,0,0,0
hard,217,30,55,nakedTriple,43,8,3,0,0,1,0,0,0
hard,218,28,59,nakedTriple,36,17,3,1,1,1,0,0,0
hard,219,27,57,nakedTriple,42,12,2,0,0,1,0,0,0
hard,220,26,64,nakedTriple,42,13,5,1,2,1,0,0,0
hard,221,25,57,nakedTriple,44,12,0,0,0,1,0,0,0
hard,222,29,57,nakedTriple,40,12,4,0,0,1,0,0,0
hard,223,26,64,nakedTriple,48,7,6,1,1,1,0,0,0
hard,224,26,68,nakedTriple,44,11,11,1,0,1,0,0,0
hard,225,26,62,nakedTriple,46,9,5,1,0,1,0,0,0
hard,226,28,59,nakedTriple,47,6,3,2,0,1,0,0,0
hard,227,28,57,nakedTriple,46,7,1,1,1,1,0,0,0
hard,228,28,58,nakedTriple,42,11,2,1,1,1,0,0,0
hard,229,28,59,nakedTriple,46,7,5,0,0,1,0,0,0
hard,230,26,67,nakedTriple,47,8,9,1,1,1,0,0,0
hard,231,30,60,nakedTriple,43,8,4,3,1,1,0,0,0
hard,232,28,56,nakedTriple,41,12,2,0,0,1,0,0,0
hard,233,30,62,nakedTriple,43,8,8,2,0,1,0,0,0
hard,234,26,59,nakedTriple,41,14,2,1,0,1,0,0,0
hard,235,27,62,nakedTriple,46,8,4,2,1,1,0,0,0
hard,236,28,59,nakedTriple,41,12,5,0,0,1,0,0,0
hard,237,28,57,nakedTriple,41,12,3,0,0,1,0,0,0
hard,238,28,58,nakedTriple,44,9,3,0,1,1,0,0,0
hard,239,26,60,nakedTriple,41,14,4,0,0,1,0,0,0
hard,240,29,56,nakedTriple,44,8,1,2,0,1,0,0,0
hard,241,25,61,nakedTriple,43,13,3,1,0,1,0,0,0
hard,242,28,55,nakedTriple,44,9,1,0,0,1,0,0,0
hard,243,28,59,nakedTriple,49,4,3,2,0,1,0,0,0
hard,244,28,60,nakedTriple,38,15,3,2,1,1,0,0,0
hard,245,27,60,nakedTriple,41,13,5,0,0,1,0,0,0
hard,246,26,56,nakedTriple,47,8,0,0,0,1,0,0,0
hard,247,30,55,nakedTriple,37,14,2,0,1,1,0,0,0
hard,248,28,58,nakedTriple,46,7,3,0,0,2,0,0,0
hard,249,30,52,nakedTriple,46,5,0,0,0,1,0,0,0
hard,250,30,60,nakedTriple,40,11,5,2,1,1,0,0,0
hard,251,26,59,nakedTriple,41,14,2,1,0,1,0,0,0
hard,252,28,55,nakedTriple,44,9,1,0,0,1,0,0,0
hard,253,30,59,nakedTriple,41,10,6,1,0,1,0,0,0
hard,254,28,60,nakedTriple,49,4,5,1,0,1,0,0,0
hard,255,28,61,nakedTriple,40,13,5,2,0,1,0,0,0
hard,256,28,56,nakedTriple,48,5,2,0,0,1,0,0,0
hard,257,28,60,nakedTriple,40,13,5,1,0,1,0,0,0
hard,258,28,58,nakedTriple,44,9,4,0,0,1,0,0,0
hard,259,28,55,nakedTriple,43,10,0,1,0,1,0,0,0
hard,260,28,57,nakedTriple,42,11,2,0,1,1,0,0,0
hard,261,27,56,nakedTriple,39,15,0,1,0,1,0,0,0
hard,262,26,62,nakedTriple,39,16,5,0,1,1,0,0,0
hard,263,30,56,nakedTriple,42,9,4,0,0,1,0,0,0
hard,264,26,58,nakedTriple,49,6,1,1,0,1,0,0,0
hard,265,24,62,nakedTriple,51,6,3,0,1,1,0,0,0
hard,266,26,62,nakedTriple,47,8,4,2,0,1,0,0,0
hard,267,26,65,nakedTriple,46,9,5,3,1,1,0,0,0
hard,268,28,63,nakedTriple,43,10,8,0,1,1,0,0,0
hard,269,26,60,nakedTriple,45,10,3,0,1,1,0,0,0
hard,270,26,61,nakedTriple,38,17,3,2,0,1,0,0,0
hard,271,25,64,nakedTriple,41,15,6,1,0,1,0,0,0
hard,272,26,59,nakedTriple,49,6,3,0,0,1,0,0,0
hard,273,28,64,nakedTriple,40,13,7,1,1,2,0,0,0
hard,274,25,58,nakedTriple,47,9,1,0,0,1,0,0,0
hard,275,27,61,nakedTriple,43,11,5,0,1,1,0,0,0
hard,276,26,62,nakedTriple,50,5,6,0,0,1,0,0,0
hard,277,26,61,nakedTriple,48,7,3,1,1,1,0,0,0
hard,278,29,57,nakedTriple,40,12,3,0,1,1,0,0,0
hard,279,28,55,nakedTriple,44,9,1,0,0,1,0,0,0
hard,280,28,59,nakedTriple,41,12,4,1,0,1,0,0,0
hard,281,30,55,nakedTriple,41,10,3,0,0,1,0,0,0
hard,282,30,53,nakedTriple,46,5,1,0,0,1,0,0,0
hard,283,26,60,nakedTriple,52,3,4,0,0,1,0,0,0
hard,284,28,61,nakedTriple,39,14,6,0,0,2,0,0,0
hard,285,26,61,nakedTriple,44,11,5,0,0,1,0,0,0
hard,286,29,56,nakedTriple,41,11,2,0,1,1,0,0,0
hard,287,28,57,nakedTriple,51,2,2,1,0,1,0,0,0
hard,288,28,56,nakedTriple,47,6,2,0,0,1,0,0,0
hard,289,30,58,nakedTriple,46,5,5,1,0,1,0,0,0
hard,290,24,61,nakedTriple,45,12,1,1,1,1,0,0,0
hard,291,28,60,nakedTriple,46,7,4,2,0,1,0,0,0
hard,292,27,56,nakedTriple,32,22,1,0,0,1,0,0,0
hard,293,26,65,nakedTriple,44,11,6,3,0,1,0,0,0
hard,294,26,62,nakedTriple,42,13,4,1,1,1,0,0,0
hard,295,28,57,nakedTriple,39,14,2,0,0,2,0,0,0
hard,296,30,55,nakedTriple,39,12,2,1,0,1,0,0,0
hard,297,26,60,nakedTriple,42,13,3,0,1,1,0,0,0
hard,298,26,58,nakedTriple,47,8,2,0,0,1,0,0,0
hard,299,25,61,nakedTriple,44,12,3,1,0,1,0,0,0
hard,300,28,55,nakedTriple,48,5,1,0,0,1,0,0,0
hard,301,28,57,nakedTriple,39,14,1,1,1,1,0,0,0
hard,302,26,61,nakedTriple,47,8,3,0,0,3,0,0,0
hard,303,27,60,nakedTriple,44,10,5,0,0,1,0,0,0
hard,304,28,54,nakedTriple,47,6,0,0,0,1,0,0,0
hard,305,25,59,nakedTriple,48,8,2,0,0,1,0,0,0
hard,306,27,63,nakedTriple,40,14,6,2,0,1,0,0,0
hard,307,28,59,nakedTriple,33,20,5,0,0,1,0,0,0
hard,308,28,61,nakedTriple,41,12,6,0,1,1,0,0,0
hard,309,27,61,nakedTriple,47,7,3,1,1,2,0,0,0
hard,310,28,61,nakedTriple,41,12,5,1,1,1,0,0,0
hard,311,29,56,nakedTriple,42,10,3,0,0,1,0,0,0
hard,312,27,60,nakedTriple,41,13,4,1,0,1,0,0,0
hard,313,27,58,nakedTriple,48,6,1,0,2,1,0,0,0
hard,314,30,55,nakedTriple,42,9,2,1,0,1,0,0,0
hard,315,27,58,nakedTriple,40,14,3,0,0,1,0,0,0
hard,316,26,60,nakedTriple,43,12,3,0,1,1,0,0,0
hard,317,27,61,nakedTriple,44,10,4,1,1,1,0,0,0
hard,318,30,53,nakedTriple,39,12,1,0,0,1,0,0,0
hard,319,28,62,nakedTriple,46,7,5,2,1,1,0,0,0
hard,320,28,58,nakedTriple,43,10,3,1,0,1,0,0,0
hard,321,25,68,nakedTriple,50,6,7,2,1,2,0,0,0
hard,322,28,59,nakedTriple,40,13,4,0,1,1,0,0,0
hard,323,28,60,nakedTriple,45,8,4,2,0,1,0,0,0
hard,324,26,63,nakedTriple,42,13,5,1,1,1,0,0,0
hard,325,28,57,nakedTriple,37,16,1,2,0,1,0,0,0
hard,326,28,59,nakedTriple,39,14,4,0,1,1,0,0,0
hard,327,27,63,nakedTriple,39,15,6,0,2,1,0,0,0
hard,328,28,57,nakedTriple,41,12,2,1,0,1,0,0,0
hard,329,30,52,nakedTriple,45,6,0,0,0,1,0,0,0
hard,330,26,61,nakedTriple,42,13,5,0,0,1,0,0,0
hard,331,30,56,nakedTriple,35,16,3,1,0,1,0,0,0
hard,332,27,61,nakedTriple,38,16,5,1,0,1,0,0,0
hard,333,26,60,nakedTriple,51,4,2,0,2,1,0,0,0
hard,334,26,62,nakedTriple,41,14,5,0,0,2,0,0,0
hard,335,24,62,nakedTriple,50,7,4,0,0,1,0,0,0
hard,336,29,58,nakedTriple,37,15,4,1,0,1,0,0,0
hard,337,30,53,nakedTriple,40,11,1,0,0,1,0,0,0
hard,338,28,65,nakedTriple,45,8,8,0,3,1,0,0,0
hard,339,26,56,nakedTriple,46,9,0,0,0,1,0,0,0
hard,340,29,56,nakedTriple,42,10,2,1,0,1,0,0,0
hard,341,27,61,nakedTriple,41,13,3,1,2,1,0,0,0
hard,342,26,60,nakedTriple,47,8,4,0,0,1,0,0,0
hard,343,28,59,nakedTriple,45,8,5,0,0,1,0,0,0
hard,344,30,61,nakedTriple,42,9,7,2,0,1,0,0,0
hard,345,27,59,nakedTriple,42,12,3,1,0,1,0,0,0
hard,346,28,64,nakedTriple,45,8,8,1,1,1,0,0,0
hard,347,28,58,nakedTriple,39,14,3,1,0,1,0,0,0
hard,348,28,59,nakedTriple,41,12,3,1,1,1,0,0,0
hard,349,30,54,nakedTriple,43,8,1,1,0,1,0,0,0
hard,350,26,56,nakedTriple,46,9,0,0,0,1,0,0,0
hard,351,27,62,nakedTriple,38,16,5,2,0,1,0,0,0
hard,352,26,64,nakedTriple,46,9,7,1,0,1,0,0,0
hard,353,27,61,nakedTriple,41,13,4,1,0,2,0,0,0
hard,354,26,60,nakedTriple,43,12,4,0,0,1,0,0,0
hard,355,26,63,nakedTriple,50,5,4,1,2,1,0,0,0
hard,356,29,57,nakedTriple,36,16,2,1,1,1,0,0,0
hard,357,28,54,nakedTriple,41,12,0,0,0,1,0,0,0
hard,358,27,59,nakedTriple,40,14,2,1,1,1,0,0,0
hard,359,30,56,nakedTriple,37,14,3,1,0,1,0,0,0
hard,360,26,67,nakedTriple,44,11,10,1,0,1,0,0,0
hard,361,28,55,nakedTriple,42,11,1,0,0,1,0,0,0
hard,362,26,57,nakedTriple,44,11,1,0,0,1,0,0,0
hard,363,27,61,nakedTriple,41,13,4,2,0,1,0,0,0
hard,364,27,59,nakedTriple,38,16,2,1,1,1,0,0,0
hard,365,26,57,nakedTriple,48,7,1,0,0,1,0,0,0
hard,366,28,62,nakedTriple,47,6,5,1,1,2,0,0,0
hard,367,31,55,nakedTriple,38,12,4,0,0,1,0,0,0
hard,368,28,57,nakedTriple,39,14,2,1,0,1,0,0,0
hard,369,25,63,nakedTriple,44,12,5,0,1,1,0,0,0
hard,370,30,53,nakedTriple,43,8,1,0,0,1,0,0,0
hard,371,30,55,nakedTriple,42,9,2,1,0,1,0,0,0
hard,372,28,58,nakedTriple,44,9,4,0,0,1,0,0,0
hard,373,28,56,nakedTriple,42,11,2,0,0,1,0,0,0
hard,374,28,58,nakedTriple,46,7,2,1,1,1,0,0,0
hard,375,26,57,nakedTriple,43,12,1,0,0,1,0,0,0
hard,376,26,64,nakedTriple,47,8,7,1,0,1,0,0,0
hard,377,24,61,nakedTriple,46,11,2,0,1,1,0,0,0
hard,378,28,58,nakedTriple,51,2,2,0,2,1,0,0,0
hard,379,27,60,nakedTriple,35,19,5,0,0,1,0,0,0
hard,380,26,59,nakedTriple,48,7,2,0,1,1,0,0,0
hard,381,26,58,nakedTriple,34,21,2,0,0,1,0,0,0
hard,382,30,55,nakedTriple,42,9,3,0,0,1,0,0,0
hard,383,29,57,nakedTriple,38,14,4,0,0,1,0,0,0
hard,384,28,61,nakedTriple,44,9,5,1,1,1,0,0,0
hard,385,25,62,nakedTriple,46,10,4,0,0,2,0,0,0
hard,386,28,59,nakedTriple,45,8,4,1,0,1,0,0,0
hard,387,28,59,nakedTriple,46,7,5,0,0,1,0,0,0
hard,388,25,60,nakedTriple,47,9,3,0,0,1,0,0,0
hard,389,27,61,nakedTriple,47,7,5,1,0,1,0,0,0
hard,390,25,60,nakedTriple,45,11,3,0,0,1,0,0,0
hard,391,28,57,nakedTriple,39,14,3,0,0,1,0,0,0
hard,392,30,54,nakedTriple,40,11,1,1,0,1,0,0,0
hard,393,27,61,nakedTriple,40,14,5,1,0,1,0,0,0
hard,394,27,61,nakedTriple,39,15,6,0,0,1,0,0,0
hard,395,27,57,nakedTriple,43,11,2,0,0,1,0,0,0
extreme,1,30,56,xWing,37,14,3,1,0,0,0,1,0
extreme,2,30,52,xWing,34,17,0,0,0,0,0,1,0
extreme,3,29,54,xWing,43,9,1,0,0,0,0,1,0
extreme,4,27,58,xWing,39,15,3,0,0,0,0,1,0
extreme,5,30,54,xWing,39,12,1,0,1,0,0,1,0
extreme,6,27,60,xWing,43,11,3,0,1,1,0,1,0
extreme,7,27,56,xWing,37,17,1,0,0,0,0,1,0
extreme,8,28,59,xWing,45,8,3,2,0,0,0,1,0
extreme,9,30,58,xWing,37,14,5,0,1,0,0,1,0
extreme,10,29,59,xWing,40,12,3,2,1,0,0,1,0
extreme,11,29,58,xWing,42,10,4,1,0,0,0,1,0
extreme,12,30,54,xWing,42,9,1,1,0,0,0,1,0
extreme,13,27,66,xWing,45,9,8,2,0,1,0,1,0
extreme,14,32,52,xWing,33,16,0,0,0,0,0,3,0
extreme,15,28,60,xWing,41,12,2,4,0,0,0,1,0
extreme,16,30,55,xWing,41,10,2,1,0,0,0,1,0
extreme,17,30,52,xWing,35,16,0,0,0,0,0,1,0
extreme,18,30,57,xWing,46,5,2,2,1,0,0,1,0
extreme,19,28,59,xWing,47,6,2,1,1,1,0,1,0
extreme,20,28,58,xWing,42,11,2,1,1,0,0,1,0
extreme,21,26,65,xWing,51,4,6,2,0,1,0,1,0
extreme,22,28,57,xWing,33,20,3,0,0,0,0,1,0
extreme,23,29,56,xWing,38,14,2,0,1,0,0,1,0
extreme,24,28,57,xWing,42,11,0,1,1,1,0,1,0
extreme,25,28,57,xWing,43,10,2,1,0,0,0,1,0
extreme,26,28,56,xWing,36,17,1,1,0,0,0,1,0
extreme,27,26,61,xWing,46,9,2,1,2,0,0,1,0
extreme,28,30,56,xWing,44,7,1,2,1,0,0,1,0
extreme,29,28,55,xWing,44,9,0,1,0,0,0,1,0
extreme,30,28,60,xWing,38,15,5,0,1,0,0,1,0
extreme,31,27,60,xWing,40,14,4,1,0,0,0,1,0
extreme,32,30,59,xWing,40,11,4,3,0,0,0,1,0
extreme,33,28,60,xWing,39,14,4,0,2,0,0,1,0
extreme,34,28,58,xWing,36,17,2,0,2,0,0,1,0
extreme,35,30,58,xWing,41,10,3,2,1,0,0,1,0
extreme,36,30,54,xWing,40,11,2,0,0,0,0,1,0
extreme,37,30,54,xWing,34,17,2,0,0,0,0,1,0
extreme,38,26,59,xWing,34,21,3,0,0,0,0,1,0
extreme,39,26,66,xWing,38,17,8,1,1,0,0,1,0
extreme,40,28,60,xWing,41,12,5,1,0,0,0,1,0
extreme,41,28,56,xWing,41,12,0,1,0,0,0,2,0
extreme,42,26,65,xWing,43,12,6,3,0,0,0,1,0
extreme,43,30,54,xWing,34,17,2,0,0,0,0,1,0
extreme,44,26,59,xWing,41,14,2,1,0,0,0,1,0
extreme,45,32,52,xWing,40,9,0,1,1,0,0,1,0
extreme,46,28,58,xWing,43,10,1,1,0,2,0,1,0
extreme,47,26,64,xWing,42,13,5,2,1,0,0,1,0
extreme,48,28,57,xWing,42,11,2,0,1,0,0,1,0
extreme,49,28,55,xWing,35,18,0,1,0,0,0,1,0
extreme,50,32,56,xWing,38,11,3,3,0,0,0,1,0
extreme,51,30,55,swordfish,26,25,2,0,0,0,1,0,1
extreme,52,26,61,xWing,34,21,1,2,0,0,2,1,0
extreme,53,24,60,skyscraper,31,26,2,0,0,0,1,0,0
extreme,54,28,58,skyscraper,35,18,1,2,0,0,2,0,0
extreme,55,26,60,skyscraper,41,14,1,3,0,0,1,0,0
extreme,56,28,56,xWing,38,15,1,0,0,0,1,1,0
extreme,57,28,55,skyscraper,33,20,1,0,0,0,1,0,0
extreme,58,26,56,skyscraper,38,17,0,0,0,0,1,0,0
extreme,59,26,57,skyscraper,37,18,1,0,0,0,1,0,0
extreme,60,26,56,skyscraper,33,22,0,0,0,0,1,0,0
extreme,61,28,54,skyscraper,40,13,0,0,0,0,1,0,0
extreme,62,26,62,skyscraper,42,13,4,2,0,0,1,0,0
extreme,63,26,58,skyscraper,29,26,2,0,0,0,1,0,0
extreme,64,28,62,skyscraper,41,12,6,2,0,0,1,0,0
extreme,65,28,59,skyscraper,38,15,3,2,0,0,1,0,0
extreme,66,27,58,skyscraper,41,13,1,0,0,1,2,0,0
extreme,67,26,64,xWing,37,18,4,1,1,0,2,1,0
extreme,68,28,55,skyscraper,43,10,1,0,0,0,1,0,0
extreme,69,30,57,swordfish,38,13,3,0,0,0,2,0,1
extreme,70,29,56,skyscraper,37,15,2,1,0,0,1,0,0
extreme,71,24,62,skyscraper,33,24,4,0,0,0,1,0,0
extreme,72,26,59,skyscraper,46,9,2,1,0,0,1,0,0
extreme,73,28,55,skyscraper,42,11,0,1,0,0,1,0,0
extreme,74,26,58,skyscraper,35,20,1,1,0,0,1,0,0
extreme,75,29,56,skyscraper,43,9,2,1,0,0,1,0,0
extreme,76,27,59,xWing,46,8,2,1,0,0,1,1,0
extreme,77,27,57,xWing,39,15,1,0,0,0,1,1,0
extreme,78,28,63,skyscraper,40,13,6,2,0,0,2,0,0
extreme,79,30,55,skyscraper,35,16,3,0,0,0,1,0,0
extreme,80,26,57,skyscraper,36,19,1,0,0,0,1,0,0
extreme,81,28,57,xWing,35,18,2,0,0,0,1,1,0
extreme,82,26,65,skyscraper,43,12,6,2,1,0,1,0,0
extreme,83,30,55,xWing,39,12,2,0,0,0,1,1,0
extreme,84,28,54,skyscraper,37,16,0,0,0,0,1,0,0
extreme,85,30,53,skyscraper,37,14,0,1,0,0,1,0,0
extreme,86,29,58,swordfish,43,9,2,0,2,0,1,0,1
extreme,87,30,53,skyscraper,34,17,0,0,0,0,2,0,0
extreme,88,28,60,xWing,30,23,5,0,0,0,1,1,0
extreme,89,29,57,skyscraper,38,14,4,0,0,0,1,0,0
extreme,90,28,60,skyscraper,35,18,5,0,1,0,1,0,0
extreme,91,32,56,skyscraper,39,10,3,2,0,0,2,0,0
extreme,92,28,55,xWing,32,21,1,0,0,0,0,1,0
extreme,93,24,64,skyscraper,39,18,5,1,0,0,1,0,0
extreme,94,28,61,xWing,36,17,1,2,1,0,3,1,0
extreme,95,26,61,skyscraper,42,13,4,0,0,0,2,0,0
extreme,96,26,57,xWing,37,18,0,0,0,0,1,1,0
extreme,97,26,59,skyscraper,39,16,3,0,0,0,1,0,0
extreme,98,27,56,skyscraper,40,14,0,1,0,0,1,0,0
extreme,99,24,68,skyscraper,41,16,7,1,2,0,1,0,0
extreme,100,32,54,skyscraper,33,16,2,1,1,0,1,0,0
extreme,101,27,56,xWing,44,10,1,0,0,0,0,1,0
extreme,102,28,54,skyscraper,43,10,0,0,0,0,1,0,0
extreme,103,32,56,xWing,45,4,4,2,0,0,0,1,0
extreme,104,28,64,xWing,34,19,6,1,0,0,3,1,0
extreme,105,28,54,skyscraper,41,12,0,0,0,0,1,0,0
extreme,106,30,53,skyscraper,36,15,1,0,0,0,1,0,0
extreme,107,30,56,skyscraper,35,16,4,0,0,0,1,0,0
extreme,108,26,56,skyscraper,31,24,0,0,0,0,1,0,0
extreme,109,30,58,skyscraper,45,6,3,2,1,0,1,0,0
extreme,110,28,55,skyscraper,40,13,0,0,0,0,2,0,0
extreme,111,25,59,skyscraper,44,12,2,0,0,0,1,0,0
extreme,112,31,51,skyscraper,28,22,0,0,0,0,1,0,0
extreme,113,30,57,skyscraper,40,11,3,2,0,0,1,0,0
extreme,114,28,57,xWing,37,16,2,1,0,0,0,1,0
extreme,115,28,56,skyscraper,33,20,1,1,0,0,1,0,0
extreme,116,26,62,skyscraper,38,17,4,1,0,0,2,0,0
extreme,117,28,58,skyscraper,32,21,3,1,0,0,1,0,0
extreme,118,26,57,skyscraper,35,20,0,1,0,0,1,0,0
extreme,119,28,59,xWing,40,13,2,2,0,0,1,1,0
extreme,120,26,59,skyscraper,36,19,2,1,0,0,1,0,0
extreme,121,27,58,skyscraper,37,17,3,0,0,0,1,0,0
extreme,122,28,56,skyscraper,35,18,1,0,0,0,2,0,0
extreme,123,30,55,xWing,37,14,1,1,0,0,1,1,0
extreme,124,29,60,skyscraper,36,16,4,1,1,0,2,0,0
extreme,125,30,59,skyscraper,46,5,4,1,2,0,1,0,0
extreme,126,27,58,skyscraper,41,13,3,0,0,0,1,0,0
extreme,127,26,56,skyscraper,37,18,0,0,0,0,1,0,0
extreme,128,28,55,xWing,35,18,1,0,0,0,0,1,0
extreme,129,28,62,skyscraper,38,15,6,2,0,0,1,0,0
extreme,130,29,54,skyscraper,39,13,1,0,0,0,1,0,0
extreme,131,28,55,xWing,44,9,0,0,0,0,1,1,0
extreme,132,31,52,skyscraper,41,9,0,0,1,0,1,0,0
extreme,133,30,59,xWing,37,14,1,3,1,1,1,1,0
extreme,134,30,54,skyscraper,42,9,0,2,0,0,1,0,0
extreme,135,28,55,skyscraper,42,11,0,0,0,0,2,0,0
extreme,136,28,58,swordfish,39,14,4,0,0,0,0,0,1
extreme,137,28,57,skyscraper,41,12,3,0,0,0,1,0,0
extreme,138,28,54,skyscraper,36,17,0,0,0,0,1,0,0
extreme,139,26,62,skyscraper,35,20,5,0,1,0,1,0,0
extreme,140,28,68,xWing,43,10,7,3,2,0,2,1,0
extreme,141,28,59,skyscraper,31,22,4,1,0,0,1,0,0
extreme,142,28,58,xWing,41,12,2,0,0,0,2,1,0
extreme,143,28,59,skyscraper,31,22,5,0,0,0,1,0,0
extreme,144,28,58,xWing,39,14,2,1,0,0,1,1,0
extreme,145,26,62,skyscraper,44,11,3,1,1,1,1,0,0
extreme,146,26,56,skyscraper,35,20,0,0,0,0,1,0,0
extreme,147,28,56,skyscraper,39,14,0,1,0,1,1,0,0
extreme,148,28,62,xWing,32,21,5,1,0,0,1,2,0
extreme,149,26,57,skyscraper,33,22,1,0,0,0,1,0,0
extreme,150,26,69,skyscraper,47,8,10,2,1,0,1,0,0
extreme,151,31,56,skyscraper,42,8,4,1,0,0,1,0,0
extreme,152,29,58,xWing,37,15,2,1,0,1,1,1,0
extreme,153,28,55,skyscraper,42,11,0,0,1,0,1,0,0
extreme,154,28,57,skyscraper,39,14,1,1,1,0,1,0,0
extreme,155,28,60,skyscraper,34,19,5,1,0,0,1,0,0
extreme,156,30,59,skyscraper,42,9,5,1,1,0,1,0,0
extreme,157,28,57,skyscraper,42,11,2,0,1,0,1,0,0
extreme,158,28,56,xWing,38,15,0,1,0,0,1,1,0
extreme,159,26,57,skyscraper,37,18,1,0,0,0,1,0,0
extreme,160,28,54,skyscraper,42,11,0,0,0,0,1,0,0
extreme,161,28,55,skyscraper,43,10,1,0,0,0,1,0,0
extreme,162,30,61,skyscraper,40,11,7,1,0,0,2,0,0
extreme,163,28,59,skyscraper,33,20,2,2,1,0,1,0,0
extreme,164,29,56,skyscraper,33,19,3,0,0,0,1,0,0
extreme,165,26,63,skyscraper,36,19,3,1,0,1,3,0,0
extreme,166,25,64,xWing,46,10,2,4,0,0,1,1,0
extreme,167,28,54,skyscraper,29,24,0,0,0,0,1,0,0
extreme,168,28,61,skyscraper,36,17,4,1,2,0,1,0,0
extreme,169,28,60,skyscraper,29,24,4,1,0,0,2,0,0
extreme,170,27,60,skyscraper,37,17,3,0,1,0,2,0,0
extreme,171,28,55,skyscraper,35,18,0,1,0,0,1,0,0
extreme,172,28,56,skyscraper,39,14,1,1,0,0,1,0,0
extreme,173,30,55,xWing,34,17,2,0,0,0,0,2,0
extreme,174,26,58,skyscraper,39,16,1,1,0,0,1,0,0
extreme,175,24,60,skyscraper,49,8,1,1,0,0,1,0,0
extreme,176,26,62,skyscraper,35,20,5,1,0,0,1,0,0
extreme,177,27,55,skyscraper,42,12,0,0,0,0,1,0,0
extreme,178,28,56,skyscraper,35,18,2,0,0,0,1,0,0
extreme,179,31,53,skyscraper,44,6,1,1,0,0,1,0,0
extreme,180,28,54,skyscraper,45,8,0,0,0,0,1,0,0
extreme,181,26,61,skyscraper,33,22,4,1,0,0,1,0,0
extreme,182,29,62,skyscraper,43,9,4,3,1,0,2,0,0
extreme,183,30,53,skyscraper,47,4,0,1,0,0,1,0,0
extreme,184,30,56,skyscraper,33,18,3,1,0,0,1,0,0
extreme,185,24,63,skyscraper,45,12,4,0,0,1,1,0,0
extreme,186,26,58,skyscraper,35,20,0,2,0,0,1,0,0
extreme,187,26,62,skyscraper,39,16,5,0,1,0,1,0,0
extreme,188,28,67,xWing,47,6,7,3,2,0,1,1,0
extreme,189,28,54,skyscraper,39,14,0,0,0,0,1,0,0
extreme,190,26,61,skyscraper,38,17,5,0,0,0,1,0,0
extreme,191,26,57,skyscraper,24,31,1,0,0,0,1,0,0
extreme,192,30,55,xWing,40,11,1,0,1,0,1,1,0
extreme,193,29,53,skyscraper,27,25,0,0,0,0,1,0,0
extreme,194,27,64,xWing,42,12,6,1,0,0,2,1,0
extreme,195,29,65,skyscraper,43,9,6,2,3,0,2,0,0
extreme,196,28,61,skyscraper,37,16,5,2,0,0,1,0,0
extreme,197,30,55,skyscraper,46,5,2,1,0,0,1,0,0
extreme,198,30,54,skyscraper,34,17,2,0,0,0,1,0,0
extreme,199,30,55,skyscraper,37,14,2,1,0,0,1,0,0
extreme,200,25,58,xWing,36,20,0,0,0,0,1,1,0
extreme,201,28,57,skyscraper,32,21,3,0,0,0,1,0,0
extreme,202,29,56,skyscraper,31,21,2,0,0,1,1,0,0
extreme,203,28,60,skyscraper,45,8,3,1,2,0,1,0,0
extreme,204,26,65,skyscraper,41,14,6,3,0,0,1,0,0
extreme,205,26,61,xWing,38,17,2,3,0,0,0,1,0
extreme,206,30,54,skyscraper,39,12,1,0,0,0,2,0,0
extreme,207,26,58,swordfish,41,14,1,0,0,0,1,0,1
extreme,208,28,56,skyscraper,39,14,0,2,0,0,1,0,0
extreme,209,29,53,skyscraper,37,15,0,0,0,0,1,0,0
extreme,210,29,55,skyscraper,42,10,1,1,0,0,1,0,0
extreme,211,26,62,skyscraper,39,16,5,0,1,0,1,0,0
extreme,212,28,54,skyscraper,42,11,0,0,0,0,1,0,0
extreme,213,30,52,skyscraper,36,15,0,0,0,0,1,0,0
extreme,214,28,56,skyscraper,42,11,2,0,0,0,1,0,0
extreme,215,30,53,skyscraper,36,15,0,1,0,0,1,0,0
extreme,216,28,55,skyscraper,23,30,1,0,0,0,1,0,0
extreme,217,29,57,xWing,46,6,2,1,1,0,0,1,0
extreme,218,28,59,xWing,45,8,2,2,0,0,1,1,0
extreme,219,28,57,skyscraper,39,14,3,0,0,0,1,0,0
extreme,220,26,57,xWing,32,23,0,0,0,0,1,1,0
extreme,221,31,53,skyscraper,38,12,1,0,0,1,1,0,0
extreme,222,26,56,skyscraper,46,9,0,0,0,0,1,0,0
extreme,223,31,54,xWing,32,18,0,2,0,0,1,1,0
extreme,224,28,56,skyscraper,36,17,1,1,0,0,1,0,0
extreme,225,28,55,skyscraper,44,9,1,0,0,0,1,0,0
extreme,226,27,60,xWing,34,20,3,1,0,0,1,1,0
extreme,227,28,56,xWing,35,18,1,0,0,0,1,1,0
extreme,228,28,54,skyscraper,31,22,0,0,0,0,1,0,0
extreme,229,27,60,skyscraper,42,12,5,0,0,0,1,0,0
extreme,230,29,63,skyscraper,36,16,9,1,0,0,1,0,0
extreme,231,26,59,swordfish,29,26,1,1,0,0,1,0,1
extreme,232,29,62,xWing,41,11,5,4,0,0,0,1,0
extreme,233,28,57,skyscraper,37,16,2,0,1,0,1,0,0
extreme,234,30,55,xWing,36,15,2,0,0,0,1,1,0
extreme,235,28,54,skyscraper,35,18,0,0,0,0,1,0,0
extreme,236,28,56,skyscraper,37,16,2,0,0,0,1,0,0
extreme,237,26,58,skyscraper,36,19,2,0,0,0,1,0,0
extreme,238,28,55,skyscraper,46,7,0,1,0,0,1,0,0
extreme,239,27,57,skyscraper,35,19,2,0,0,0,1,0,0
extreme,240,29,56,xWing,43,9,2,0,1,0,0,1,0
extreme,241,26,67,xWing,36,19,7,2,0,1,1,1,0
extreme,242,26,60,skyscraper,41,14,4,0,0,0,1,0,0
extreme,243,28,59,xWing,41,12,1,2,1,0,1,1,0
extreme,244,28,55,skyscraper,37,16,1,0,0,0,1,0,0
extreme,245,27,62,xWing,39,15,3,2,1,0,1,1,0
extreme,246,28,63,skyscraper,44,9,5,4,0,0,1,0,0
extreme,247,28,60,skyscraper,44,9,4,2,0,0,1,0,0
extreme,248,26,60,skyscraper,43,12,3,0,1,0,1,0,0
extreme,249,26,56,skyscraper,38,17,0,0,0,0,1,0,0
extreme,250,29,53,skyscraper,40,12,0,0,0,0,1,0,0
extreme,251,30,54,skyscraper,28,23,2,0,0,0,1,0,0
extreme,252,26,57,skyscraper,43,12,0,1,0,0,1,0,0
extreme,253,28,54,skyscraper,32,21,0,0,0,0,1,0,0
extreme,254,26,56,skyscraper,39,16,0,0,0,0,1,0,0
extreme,255,26,59,skyscraper,44,11,1,1,0,1,1,0,0
extreme,256,32,51,swordfish,34,15,0,0,0,0,1,0,1
extreme,257,26,58,skyscraper,39,16,1,1,0,0,1,0,0
extreme,258,26,57,skyscraper,42,13,1,0,0,0,1,0,0
extreme,259,26,57,skyscraper,36,19,0,0,0,0,2,0,0
extreme,260,26,56,skyscraper,34,21,0,0,0,0,1,0,0
extreme,261,28,61,skyscraper,41,12,3,1,2,0,2,0,0
extreme,262,26,63,skyscraper,41,14,5,1,1,0,1,0,0
extreme,263,26,60,xWing,32,23,2,0,1,0,1,1,0
extreme,264,28,56,skyscraper,49,4,2,0,0,0,1,0,0
extreme,265,28,60,skyscraper,35,18,2,1,2,0,2,0,0
extreme,266,26,60,skyscraper,34,21,3,1,0,0,1,0,0
extreme,267,28,60,skyscraper,44,9,4,1,1,0,1,0,0
extreme,268,26,60,skyscraper,42,13,2,0,2,0,1,0,0
extreme,269,26,64,skyscraper,37,18,6,1,0,0,2,0,0
extreme,270,29,59,skyscraper,39,13,3,3,0,0,1,0,0
extreme,271,31,52,swordfish,29,21,0,0,0,0,1,0,1
extreme,272,26,60,skyscraper,47,8,1,2,1,0,1,0,0
extreme,273,26,56,skyscraper,30,25,0,0,0,0,1,0,0
extreme,274,28,60,xWing,40,13,0,5,0,0,1,1,0
extreme,275,28,55,xWing,37,16,0,1,0,0,0,1,0
extreme,276,24,58,skyscraper,35,22,0,0,0,0,1,0,0
extreme,277,28,57,skyscraper,38,15,1,0,0,0,3,0,0
extreme,278,27,61,skyscraper,40,14,5,1,0,0,1,0,0
extreme,279,26,58,skyscraper,38,17,0,1,1,0,1,0,0
extreme,280,27,57,xWing,24,30,1,0,0,0,1,1,0
extreme,281,26,58,xWing,44,11,1,1,0,0,0,1,0
extreme,282,26,65,skyscraper,45,10,5,2,2,0,1,0,0
extreme,283,28,59,skyscraper,44,9,4,1,0,0,1,0,0
extreme,284,26,63,skyscraper,42,13,5,2,0,0,1,0,0
extreme,285,26,58,skyscraper,39,16,1,0,1,0,1,0,0
extreme,286,28,55,skyscraper,38,15,1,0,0,0,1,0,0
extreme,287,28,58,skyscraper,33,20,1,1,1,0,2,0,0
extreme,288,29,54,skyscraper,46,6,0,1,0,0,1,0,0
extreme,289,26,61,skyscraper,39,16,4,1,0,0,1,0,0
extreme,290,25,60,xWing,46,10,1,1,0,0,1,1,0
extreme,291,29,53,skyscraper,36,16,0,0,0,0,1,0,0
extreme,292,26,60,xWing,42,13,1,2,0,0,1,1,0
extreme,293,26,58,skyscraper,35,20,1,1,0,0,1,0,0
extreme,294,32,53,swordfish,34,15,2,0,0,0,1,0,1
extreme,295,29,58,skyscraper,34,18,4,1,0,0,1,0,0
extreme,296,28,56,skyscraper,36,17,2,0,0,0,1,0,0
extreme,297,25,60,skyscraper,37,19,3,0,0,0,1,0,0
extreme,298,26,60,swordfish,44,11,2,1,0,0,1,0,1
extreme,299,28,56,skyscraper,30,23,1,0,0,1,1,0,0
extreme,300,28,55,xWing,36,17,0,0,0,0,1,1,0
extreme,301,28,61,skyscraper,38,15,6,1,0,0,1,0,0
extreme,302,30,59,swordfish,40,11,1,4,0,1,0,1,1
extreme,303,30,57,skyscraper,38,13,2,3,0,0,1,0,0
extreme,304,28,56,skyscraper,37,16,1,0,1,0,1,0,0
extreme,305,28,55,skyscraper,50,3,1,0,0,0,1,0,0
extreme,306,28,57,skyscraper,40,13,1,2,0,0,1,0,0
extreme,307,30,62,swordfish,37,14,8,2,0,0,0,0,1
extreme,308,29,58,skyscraper,39,13,3,0,2,0,1,0,0
extreme,309,28,55,skyscraper,41,12,1,0,0,0,1,0,0
extreme,310,29,55,skyscraper,43,9,0,2,0,0,1,0,0
extreme,311,28,63,skyscraper,44,9,4,1,0,2,3,0,0
extreme,312,28,55,skyscraper,34,19,1,0,0,0,1,0,0
extreme,313,26,59,skyscraper,27,28,2,0,0,0,2,0,0
extreme,314,26,63,skyscraper,46,9,5,1,1,0,1,0,0
extreme,315,27,60,skyscraper,50,4,4,1,0,0,1,0,0
extreme,316,28,55,skyscraper,42,11,0,0,0,1,1,0,0
extreme,317,30,54,skyscraper,35,16,2,0,0,0,1,0,0
extreme,318,26,56,skyscraper,35,20,0,0,0,0,1,0,0
extreme,319,26,59,skyscraper,41,14,0,3,0,0,1,0,0
extreme,320,26,58,skyscraper,41,14,2,0,0,0,1,0,0
extreme,321,26,60,skyscraper,36,19,4,0,0,0,1,0,0
extreme,322,25,65,skyscraper,42,14,6,2,0,0,1,0,0
extreme,323,30,53,skyscraper,35,16,0,1,0,0,1,0,0
extreme,324,29,58,skyscraper,39,13,3,1,0,0,2,0,0
extreme,325,26,56,skyscraper,44,11,0,0,0,0,1,0,0
extreme,326,28,55,skyscraper,32,21,0,0,0,0,2,0,0
extreme,327,28,57,skyscraper,39,14,2,1,0,0,1,0,0
extreme,328,28,56,skyscraper,30,23,2,0,0,0,1,0,0
extreme,329,30,61,skyscraper,38,13,3,1,2,0,4,0,0
extreme,330,26,60,skyscraper,50,5,4,0,0,0,1,0,0
extreme,331,26,60,xWing,37,18,1,2,0,0,1,1,0
extreme,332,28,58,skyscraper,38,15,4,0,0,0,1,0,0
extreme,333,31,52,skyscraper,41,9,0,1,0,0,1,0,0
extreme,334,24,66,skyscraper,42,15,5,3,0,0,1,0,0
extreme,335,30,52,skyscraper,37,14,0,0,0,0,1,0,0
extreme,336,27,58,skyscraper,41,13,3,0,0,0,1,0,0
extreme,337,28,57,xWing,41,12,2,0,0,0,1,1,0
extreme,338,27,62,skyscraper,36,18,6,0,0,0,2,0,0
extreme,339,29,57,skyscraper,36,16,2,2,0,0,1,0,0
extreme,340,30,52,skyscraper,44,7,0,0,0,0,1,0,0
extreme,341,29,58,skyscraper,35,17,3,0,2,0,1,0,0
extreme,342,25,57,skyscraper,44,12,0,0,0,0,1,0,0
extreme,343,30,54,skyscraper,32,19,2,0,0,0,1,0,0
extreme,344,26,63,skyscraper,38,17,6,1,0,0,1,0,0
extreme,345,26,68,xWing,44,11,8,2,1,0,1,1,0
extreme,346,26,57,skyscraper,39,16,1,0,0,0,1,0,0
extreme,347,32,56,skyscraper,39,10,3,2,1,0,1,0,0
extreme,348,28,55,skyscraper,46,7,1,0,0,0,1,0,0
extreme,349,24,61,skyscraper,50,7,0,2,1,0,1,0,0
extreme,350,30,53,skyscraper,35,16,1,0,0,0,1,0,0
extreme,351,26,56,skyscraper,34,21,0,0,0,0,1,0,0
extreme,352,26,57,skyscraper,40,15,1,0,0,0,1,0,0
extreme,353,27,60,skyscraper,32,22,5,0,0,0,1,0,0
extreme,354,30,55,skyscraper,33,18,3,0,0,0,1,0,0
extreme,355,26,56,skyscraper,36,19,0,0,0,0,1,0,0
extreme,356,30,54,skyscraper,42,9,1,0,0,1,1,0,0
extreme,357,26,60,xWing,30,25,4,0,0,0,0,1,0
extreme,358,26,59,xWing,38,17,2,0,0,0,1,1,0
extreme,359,26,61,skyscraper,37,18,4,1,0,0,1,0,0
extreme,360,30,52,skyscraper,37,14,0,0,0,0,1,0,0
extreme,361,30,58,xWing,37,14,3,2,0,0,1,1,0
extreme,362,26,61,skyscraper,43,12,3,1,1,0,1,0,0
extreme,363,28,55,skyscraper,42,11,0,0,1,0,1,0,0
extreme,364,28,55,skyscraper,42,11,1,0,0,0,1,0,0
extreme,365,27,62,xWing,41,13,3,1,1,0,2,1,0
extreme,366,26,56,skyscraper,36,19,0,0,0,0,1,0,0
extreme,367,26,60,skyscraper,45,10,1,3,0,0,1,0,0
extreme,368,28,54,skyscraper,32,21,0,0,0,0,1,0,0
extreme,369,30,54,skyscraper,37,14,1,1,0,0,1,0,0
extreme,370,30,58,skyscraper,44,7,4,2,0,0,1,0,0
extreme,371,30,54,skyscraper,40,11,2,0,0,0,1,0,0
extreme,372,27,56,xWing,34,20,0,0,0,0,1,1,0
extreme,373,28,63,skyscraper,42,11,7,2,0,0,1,0,0
extreme,374,28,58,skyscraper,39,14,3,1,0,0,1,0,0
extreme,375,26,57,skyscraper,39,16,1,0,0,0,1,0,0
extreme,376,30,53,skyscraper,42,9,1,0,0,0,1,0,0
extreme,377,28,60,skyscraper,38,15,5,0,1,0,1,0,0
extreme,378,28,58,skyscraper,33,20,3,1,0,0,1,0,0
extreme,379,28,60,skyscraper,39,14,5,0,1,0,1,0,0
extreme,380,26,61,skyscraper,37,18,3,1,1,0,1,0,0
extreme,381,28,59,xWing,39,14,5,0,0,0,0,1,0
extreme,382,28,55,skyscraper,38,15,1,0,0,0,1,0,0
extreme,383,29,61,skyscraper,41,11,6,0,2,0,1,0,0
extreme,384,28,54,skyscraper,42,11,0,0,0,0,1,0,0
extreme,385,30,64,xWing,39,12,9,1,1,0,1,1,0
extreme,386,28,56,skyscraper,40,13,1,0,1,0,1,0,0
extreme,387,28,58,xWing,45,8,1,1,1,0,1,1,0
extreme,388,27,58,xWing,34,20,1,1,0,0,1,1,0
extreme,389,27,56,xWing,49,5,0,0,0,0,1,1,0
extreme,390,28,57,skyscraper,34,19,2,1,0,0,1,0,0
extreme,391,28,63,skyscraper,38,15,7,1,1,0,1,0,0
extreme,392,28,54,skyscraper,29,24,0,0,0,0,1,0,0
extreme,393,30,52,skyscraper,46,5,0,0,0,0,1,0,0
extreme,394,32,53,skyscraper,42,7,3,0,0,0,1,0,0
extreme,395,28,59,skyscraper,49,4,2,2,1,0,1,0,0
extreme,396,26,63,skyscraper,44,11,7,0,0,0,1,0,0
extreme,397,30,60,skyscraper,35,16,6,2,0,0,1,0,0
extreme,398,28,54,skyscraper,27,26,0,0,0,0,1,0,0
extreme,399,27,56,skyscraper,35,19,1,0,0,0,1,0,0
extreme,400,27,55,skyscraper,35,19,0,0,0,0,1,0,0
extreme,401,27,60,skyscraper,35,19,3,2,0,0,1,0,0
extreme,402,26,59,skyscraper,40,15,2,1,0,0,1,0,0
extreme,403,28,63,skyscraper,35,18,7,1,1,0,1,0,0
extreme,404,27,56,skyscraper,44,10,0,0,0,0,2,0,0
extreme,405,28,55,skyscraper,46,7,1,0,0,0,1,0,0
extreme,406,26,56,skyscraper,29,26,0,0,0,0,1,0,0
extreme,407,28,55,skyscraper,49,4,0,0,1,0,1,0,0
extreme,408,28,60,swordfish,40,13,3,2,0,0,1,0,1
extreme,409,25,57,skyscraper,37,19,0,0,0,0,1,0,0
extreme,410,26,59,skyscraper,36,19,3,0,0,0,1,0,0
extreme,411,29,57,skyscraper,35,17,3,0,1,0,1,0,0
extreme,412,27,57,skyscraper,39,15,2,0,0,0,1,0,0
extreme,413,30,53,skyscraper,29,22,1,0,0,0,1,0,0
extreme,414,26,61,xWing,42,13,1,3,0,0,1,1,0
extreme,415,30,54,skyscraper,40,11,2,0,0,0,1,0,0
extreme,416,30,60,swordfish,37,14,7,0,0,0,1,0,1
extreme,417,30,57,xWing,35,16,2,1,1,0,1,1,0
extreme,418,30,54,skyscraper,28,23,1,1,0,0,1,0,0
extreme,419,27,59,skyscraper,50,4,1,1,1,0,2,0,0
extreme,420,29,59,skyscraper,36,16,2,2,1,0,2,0,0
extreme,421,26,59,skyscraper,28,27,1,0,2,0,1,0,0
extreme,422,26,57,skyscraper,39,16,1,0,0,0,1,0,0
extreme,423,27,56,skyscraper,30,24,1,0,0,0,1,0,0
extreme,424,28,56,skyscraper,36,17,1,0,1,0,1,0,0
extreme,425,31,55,xWing,25,25,2,0,1,0,1,1,0
extreme,426,28,60,skyscraper,37,16,4,1,1,0,1,0,0
extreme,427,30,57,skyscraper,41,10,5,0,0,0,1,0,0
extreme,428,26,60,swordfish,47,8,4,0,0,0,0,0,1
extreme,429,26,56,skyscraper,44,11,0,0,0,0,1,0,0
extreme,430,28,55,skyscraper,39,14,1,0,0,0,1,0,0
extreme,431,30,59,skyscraper,46,5,5,0,1,0,2,0,0
extreme,432,28,54,skyscraper,33,20,0,0,0,0,1,0,0
extreme,433,28,58,skyscraper,38,15,1,1,1,0,2,0,0
extreme,434,28,57,skyscraper,42,11,2,1,0,0,1,0,0
extreme,435,30,58,skyscraper,37,14,4,0,2,0,1,0,0
extreme,436,32,50,skyscraper,37,12,0,0,0,0,1,0,0
extreme,437,29,55,skyscraper,40,12,1,0,1,0,1,0,0
extreme,438,25,57,skyscraper,41,15,0,0,0,0,1,0,0
extreme,439,28,60,skyscraper,40,13,3,1,1,1,1,0,0
extreme,440,28,54,skyscraper,25,28,0,0,0,0,1,0,0
extreme,441,26,62,skyscraper,41,14,5,1,0,0,1,0,0
extreme,442,29,56,xWing,44,8,1,0,1,0,1,1,0
extreme,443,28,55,xWing,35,18,0,0,0,0,1,1,0
extreme,444,26,60,skyscraper,40,15,2,1,0,0,2,0,0
extreme,445,28,55,skyscraper,36,17,0,1,0,0,1,0,0
extreme,446,28,55,skyscraper,34,19,1,0,0,0,1,0,0
extreme,447,28,54,skyscraper,48,5,0,0,0,0,1,0,0
extreme,448,28,56,skyscraper,32,21,1,0,0,0,2,0,0
extreme,449,28,59,xWing,38,15,1,1,0,0,2,2,0
extreme,450,26,59,xWing,41,14,3,0,0,0,0,1,0
extreme,451,28,55,skyscraper,41,12,0,1,0,0,1,0,0
extreme,452,28,57,skyscraper,45,8,3,0,0,0,1,0,0
extreme,453,26,56,skyscraper,31,24,0,0,0,0,1,0,0
extreme,454,30,60,swordfish,36,15,6,0,0,0,2,0,1
extreme,455,30,54,skyscraper,38,13,1,1,0,0,1,0,0
extreme,456,28,59,xWing,40,13,2,2,0,0,1,1,0
extreme,457,29,55,skyscraper,45,7,1,1,0,0,1,0,0
extreme,458,28,57,skyscraper,36,17,0,1,2,0,1,0,0
extreme,459,28,57,skyscraper,41,12,2,0,0,1,1,0,0
extreme,460,28,63,skyscraper,43,10,6,3,0,0,1,0,0
extreme,461,30,60,xWing,42,9,4,2,1,0,1,1,0
extreme,462,28,55,skyscraper,34,19,1,0,0,0,1,0,0
extreme,463,26,56,skyscraper,41,14,0,0,0,0,1,0,0
extreme,464,28,57,xWing,41,12,1,2,0,0,0,1,0
extreme,465,28,56,skyscraper,27,26,2,0,0,0,1,0,0
extreme,466,28,59,xWing,44,9,3,0,0,0,2,1,0
extreme,467,28,60,skyscraper,37,16,4,1,1,0,1,0,0
extreme,468,26,58,skyscraper,42,13,1,0,0,0,2,0,0
extreme,469,28,56,skyscraper,36,17,1,1,0,0,1,0,0
extreme,470,28,56,skyscraper,33,20,2,0,0,0,1,0,0
extreme,471,26,58,skyscraper,27,28,2,0,0,0,1,0,0
extreme,472,26,59,skyscraper,35,20,3,0,0,0,1,0,0
extreme,473,26,64,skyscraper,50,5,4,3,1,0,1,0,0
extreme,474,24,66,skyscraper,46,11,5,1,2,0,1,0,0
extreme,475,29,53,skyscraper,38,14,0,0,0,0,1,0,0
extreme,476,28,58,skyscraper,34,19,3,1,0,0,1,0,0
extreme,477,27,56,skyscraper,33,21,1,0,0,0,1,0,0
extreme,478,28,57,skyscraper,29,24,2,1,0,0,1,0,0
extreme,479,26,61,skyscraper,43,12,5,0,0,0,1,0,0
extreme,480,26,56,skyscraper,38,17,0,0,0,0,1,0,0
extreme,481,29,65,skyscraper,36,16,7,3,2,0,1,0,0
extreme,482,28,55,skyscraper,34,19,1,0,0,0,1,0,0
extreme,483,30,56,skyscraper,39,12,3,0,0,1,1,0,0
extreme,484,27,62,skyscraper,39,15,5,1,1,0,1,0,0
extreme,485,28,58,skyscraper,34,19,4,0,0,0,1,0,0
extreme,486,28,57,skyscraper,41,12,3,0,0,0,1,0,0
extreme,487,27,59,skyscraper,32,22,2,2,0,0,1,0,0
extreme,488,28,56,skyscraper,33,20,2,0,0,0,1,0,0
extreme,489,26,58,skyscraper,38,17,1,1,0,0,1,0,0
extreme,490,32,52,xWing,33,16,1,1,0,0,0,1,0
extreme,491,30,56,skyscraper,35,16,4,0,0,0,1,0,0
extreme,492,29,54,skyscraper,30,22,1,0,0,0,1,0,0
extreme,493,30,55,skyscraper,39,12,1,1,1,0,1,0,0
extreme,494,29,53,skyscraper,43,9,0,0,0,0,1,0,0
extreme,495,30,56,skyscraper,40,11,3,0,1,0,1,0,0
extreme,496,29,53,skyscraper,37,15,0,0,0,0,1,0,0
extreme,497,30,57,swordfish,35,16,4,0,0,0,1,0,1
extreme,498,26,58,skyscraper,37,18,2,0,0,0,1,0,0
extreme,499,28,56,skyscraper,35,18,1,1,0,0,1,0,0
extreme,500,34,51,xWing,27,20,2,0,0,0,1,1,0
extreme,501,28,60,skyscraper,41,12,4,1,0,1,1,0,0
extreme,502,29,57,skyscraper,42,10,3,0,0,0,2,0,0
extreme,503,30,58,xWing,34,17,0,4,0,0,2,1,0
extreme,504,28,55,skyscraper,33,20,1,0,0,0,1,0,0
extreme,505,27,60,skyscraper,40,14,5,0,0,0,1,0,0
extreme,506,30,54,skyscraper,31,20,0,0,1,0,2,0,0
extreme,507,28,58,skyscraper,40,13,4,0,0,0,1,0,0
extreme,508,28,54,skyscraper,32,21,0,0,0,0,1,0,0
extreme,509,30,57,skyscraper,41,10,4,1,0,0,1,0,0
extreme,510,29,53,skyscraper,41,11,0,0,0,0,1,0,0
extreme,511,28,56,skyscraper,43,10,1,0,0,0,2,0,0
extreme,512,30,57,xWing,30,21,3,0,1,0,1,1,0
extreme,513,29,60,skyscraper,40,12,5,1,1,0,1,0,0
extreme,514,26,58,skyscraper,38,17,2,0,0,0,1,0,0
extreme,515,26,67,skyscraper,48,7,8,0,2,1,1,0,0
extreme,516,28,55,skyscraper,42,11,0,0,1,0,1,0,0
extreme,517,27,56,skyscraper,40,14,0,1,0,0,1,0,0
extreme,518,28,60,skyscraper,43,10,4,1,0,1,1,0,0
extreme,519,28,58,xWing,39,14,3,0,0,1,0,1,0
extreme,520,26,56,skyscraper,52,3,0,0,0,0,1,0,0
extreme,521,26,63,skyscraper,29,26,4,2,1,0,1,0,0
extreme,522,28,63,swordfish,37,16,5,3,0,0,1,0,1
extreme,523,28,54,skyscraper,39,14,0,0,0,0,1,0,0
extreme,524,28,58,swordfish,39,14,3,0,1,0,0,0,1
extreme,525,30,52,skyscraper,38,13,0,0,0,0,1,0,0
extreme,526,24,67,skyscraper,46,11,9,0,0,0,1,0,0
extreme,527,28,55,skyscraper,38,15,1,0,0,0,1,0,0
extreme,528,28,60,skyscraper,47,6,2,3,0,1,1,0,0
extreme,529,26,64,skyscraper,37,18,6,1,1,0,1,0,0
extreme,530,28,64,xWing,45,8,6,2,0,1,1,1,0
extreme,531,26,58,skyscraper,35,20,2,0,0,0,1,0,0
extreme,532,26,62,skyscraper,44,11,5,1,0,0,1,0,0
extreme,533,30,53,skyscraper,38,13,0,0,0,0,2,0,0
extreme,534,30,53,skyscraper,39,12,1,0,0,0,1,0,0
extreme,535,26,59,skyscraper,38,17,2,1,0,0,1,0,0
extreme,536,30,54,xWing,36,15,0,0,0,0,1,2,0
extreme,537,28,58,skyscraper,47,6,4,0,0,0,1,0,0
extreme,538,30,56,xWing,33,18,2,0,1,0,1,1,0
extreme,539,28,59,xWing,49,4,2,1,0,1,1,1,0
extreme,540,28,55,skyscraper,36,17,1,0,0,0,1,0,0
extreme,541,27,63,skyscraper,39,15,7,1,0,0,1,0,0
extreme,542,28,55,skyscraper,37,16,1,0,0,0,1,0,0
extreme,543,27,61,xWing,37,17,3,1,1,0,1,1,0
extreme,544,28,59,xWing,38,15,3,1,0,0,1,1,0
extreme,545,26,57,skyscraper,40,15,0,0,1,0,1,0,0
extreme,546,27,60,skyscraper,38,16,5,0,0,0,1,0,0
extreme,547,26,57,skyscraper,42,13,1,0,0,0,1,0,0
extreme,548,28,57,skyscraper,36,17,2,1,0,0,1,0,0
extreme,549,26,58,skyscraper,36,19,2,0,0,0,1,0,0
extreme,550,26,59,skyscraper,45,10,2,0,0,0,2,0,0
extreme,551,28,56,skyscraper,44,9,1,0,1,0,1,0,0
extreme,552,27,60,xWing,37,17,2,2,0,0,1,1,0
extreme,553,28,56,skyscraper,28,25,2,0,0,0,1,0,0
extreme,554,28,56,xWing,33,20,1,0,0,0,1,1,0
extreme,555,30,61,xWing,33,18,6,2,0,0,1,1,0
extreme,556,30,52,skyscraper,44,7,0,0,0,0,1,0,0
extreme,557,26,61,skyscraper,47,8,3,1,1,0,1,0,0
extreme,558,26,59,skyscraper,43,12,3,0,0,0,1,0,0
extreme,559,30,55,xWing,32,19,2,0,0,0,1,1,0
extreme,560,28,57,skyscraper,44,9,2,0,1,0,1,0,0
extreme,561,26,57,skyscraper,34,21,1,0,0,0,1,0,0
extreme,562,28,55,skyscraper,29,24,1,0,0,0,1,0,0
extreme,563,30,53,skyscraper,36,15,1,0,0,0,1,0,0
extreme,564,26,59,skyscraper,36,19,3,0,0,0,1,0,0
extreme,565,26,60,skyscraper,38,17,3,1,0,0,1,0,0
extreme,566,30,53,skyscraper,28,23,0,1,0,0,1,0,0
extreme,567,26,58,xWing,39,16,2,0,0,0,0,1,0
extreme,568,24,58,skyscraper,48,9,0,0,0,0,1,0,0
extreme,569,28,56,skyscraper,47,6,0,1,0,0,2,0,0
extreme,570,28,57,skyscraper,45,8,2,1,0,0,1,0,0
extreme,571,28,63,xWing,38,15,5,2,1,0,1,1,0
extreme,572,27,60,skyscraper,32,22,3,1,0,0,2,0,0
extreme,573,27,59,skyscraper,35,19,3,0,1,0,1,0,0
extreme,574,30,55,skyscraper,43,8,0,2,1,0,1,0,0
extreme,575,28,59,xWing,35,18,4,1,0,0,0,1,0
extreme,576,28,58,skyscraper,44,9,4,0,0,0,1,0,0
extreme,577,28,60,skyscraper,43,10,4,2,0,0,1,0,0
extreme,578,30,54,xWing,35,16,1,0,0,0,1,1,0
extreme,579,26,60,skyscraper,47,8,3,0,1,0,1,0,0
extreme,580,28,55,skyscraper,32,21,1,0,0,0,1,0,0
extreme,581,26,61,skyscraper,41,14,3,2,0,0,1,0,0
extreme,582,31,54,xWing,30,20,2,0,0,0,1,1,0
extreme,583,28,63,skyscraper,42,11,9,0,0,0,1,0,0
extreme,584,30,52,skyscraper,33,18,0,0,0,0,1,0,0
extreme,585,26,58,skyscraper,38,17,1,1,0,0,1,0,0
extreme,586,30,60,skyscraper,38,13,5,2,0,0,2,0,0
extreme,587,28,55,xWing,47,6,1,0,0,0,0,1,0
extreme,588,26,58,skyscraper,42,13,1,1,0,0,1,0,0
extreme,589,26,61,skyscraper,35,20,3,1,0,0,2,0,0
extreme,590,28,59,skyscraper,38,15,3,0,2,0,1,0,0
extreme,591,27,56,skyscraper,43,11,0,1,0,0,1,0,0
extreme,592,28,57,skyscraper,46,7,2,1,0,0,1,0,0
extreme,593,26,63,skyscraper,42,13,5,2,0,0,1,0,0
extreme,594,26,60,skyscraper,41,14,0,1,2,0,2,0,0
extreme,595,30,56,skyscraper,37,14,2,1,0,1,1,0,0
extreme,596,28,59,skyscraper,36,17,4,0,1,0,1,0,0
extreme,597,28,62,skyscraper,42,11,4,4,0,0,1,0,0
extreme,598,28,59,skyscraper,40,13,3,0,2,0,1,0,0
extreme,599,27,56,skyscraper,48,6,0,0,1,0,1,0,0
extreme,600,31,52,skyscraper,43,7,1,0,0,0,1,0,0
extreme,601,28,55,skyscraper,37,16,1,0,0,0,1,0,0
extreme,602,30,58,skyscraper,38,13,4,1,1,0,1,0,0
extreme,603,28,54,skyscraper,37,16,0,0,0,0,1,0,0
extreme,604,28,58,xWing,41,12,1,1,1,0,1,1,0
extreme,605,29,53,skyscraper,37,15,0,0,0,0,1,0,0
extreme,606,31,53,skyscraper,47,3,1,1,0,0,1,0,0
extreme,607,26,57,skyscraper,35,20,1,0,0,0,1,0,0
extreme,608,28,59,skyscraper,29,24,2,2,0,0,2,0,0
extreme,609,28,58,skyscraper,34,19,2,0,1,0,2,0,0
extreme,610,30,60,skyscraper,40,11,1,3,2,0,3,0,0
extreme,611,28,58,skyscraper,46,7,1,2,0,1,1,0,0
extreme,612,29,54,skyscraper,40,12,1,0,0,0,1,0,0
extreme,613,27,57,skyscraper,33,21,2,0,0,0,1,0,0
extreme,614,28,58,skyscraper,27,26,3,1,0,0,1,0,0
extreme,615,29,53,skyscraper,29,23,0,0,0,0,1,0,0
extreme,616,28,55,skyscraper,34,19,1,0,0,0,1,0,0
extreme,617,26,60,skyscraper,39,16,3,1,0,0,1,0,0
extreme,618,30,56,skyscraper,38,13,2,1,1,0,1,0,0
extreme,619,28,55,skyscraper,33,20,1,0,0,0,1,0,0
extreme,620,24,60,skyscraper,34,23,2,0,0,0,1,0,0
extreme,621,30,54,skyscraper,33,18,1,0,1,0,1,0,0
extreme,622,29,54,swordfish,44,8,0,0,0,0,0,1,1
extreme,623,28,61,skyscraper,39,14,5,1,1,0,1,0,0
extreme,624,26,56,skyscraper,37,18,0,0,0,0,1,0,0
extreme,625,28,56,skyscraper,41,12,1,0,1,0,1,0,0
extreme,626,26,57,skyscraper,43,12,1,0,0,0,1,0,0
extreme,627,26,59,skyscraper,34,21,2,0,1,0,1,0,0
extreme,628,30,55,skyscraper,37,14,3,0,0,0,1,0,0
extreme,629,29,53,skyscraper,41,11,0,0,0,0,1,0,0
extreme,630,30,65,skyscraper,49,2,8,3,0,2,1,0,0
extreme,631,28,55,skyscraper,30,23,1,0,0,0,1,0,0
extreme,632,26,58,skyscraper,39,16,2,0,0,0,1,0,0
extreme,633,28,59,xWing,41,12,1,0,1,2,1,1,0
extreme,634,28,56,skyscraper,40,13,2,0,0,0,1,0,0
extreme,635,28,55,xWing,34,19,0,0,0,0,1,1,0
extreme,636,30,54,skyscraper,37,14,2,0,0,0,1,0,0
extreme,637,30,55,skyscraper,34,17,3,0,0,0,1,0,0
extreme,638,30,52,xWing,39,12,0,0,0,0,0,1,0
extreme,639,28,57,skyscraper,42,11,3,0,0,0,1,0,0
extreme,640,29,54,skyscraper,33,19,1,0,0,0,1,0,0
extreme,641,26,63,skyscraper,39,16,4,0,2,0,2,0,0
extreme,642,26,57,skyscraper,41,14,0,1,0,0,1,0,0
extreme,643,28,54,skyscraper,30,23,0,0,0,0,1,0,0
extreme,644,28,60,skyscraper,37,16,4,0,0,0,3,0,0
extreme,645,32,53,skyscraper,44,5,1,2,0,0,1,0,0
extreme,646,26,58,skyscraper,37,18,1,0,0,0,2,0,0
extreme,647,26,61,skyscraper,29,26,4,1,0,0,1,0,0
extreme,648,30,52,skyscraper,33,18,0,0,0,0,1,0,0
extreme,649,26,56,skyscraper,46,9,0,0,0,0,1,0,0
extreme,650,30,55,skyscraper,43,8,2,1,0,0,1,0,0
extreme,651,30,58,swordfish,34,17,3,1,0,0,2,0,1
extreme,652,28,57,skyscraper,42,11,2,1,0,0,1,0,0
extreme,653,28,54,skyscraper,41,12,0,0,0,0,1,0,0
extreme,654,28,57,skyscraper,33,20,3,0,0,0,1,0,0
extreme,655,28,60,skyscraper,46,7,4,2,0,0,1,0,0
extreme,656,28,55,skyscraper,40,13,1,0,0,0,1,0,0
extreme,657,28,60,skyscraper,34,19,6,0,0,0,1,0,0
extreme,658,30,52,skyscraper,36,15,0,0,0,0,1,0,0
extreme,659,29,58,skyscraper,44,8,3,1,1,0,1,0,0
extreme,660,26,61,skyscraper,43,12,5,0,0,0,1,0,0
extreme,661,30,55,skyscraper,41,10,3,0,0,0,1,0,0
extreme,662,29,57,skyscraper,46,6,4,0,0,0,1,0,0
extreme,663,29,57,skyscraper,41,11,1,2,1,0,1,0,0
extreme,664,32,53,skyscraper,38,11,2,1,0,0,1,0,0
extreme,665,26,56,skyscraper,28,27,0,0,0,0,1,0,0
extreme,666,28,55,xWing,37,16,0,1,0,0,0,1,0
extreme,667,29,56,skyscraper,42,10,0,3,0,0,1,0,0
extreme,668,24,63,skyscraper,39,18,4,0,1,0,1,0,0
extreme,669,26,59,skyscraper,47,8,2,1,0,0,1,0,0
extreme,670,30,62,skyscraper,41,10,7,2,0,0,2,0,0
extreme,671,26,70,skyscraper,38,17,8,4,1,1,1,0,0
extreme,672,28,57,skyscraper,47,6,2,1,0,0,1,0,0
extreme,673,28,58,skyscraper,42,11,3,0,1,0,1,0,0
extreme,674,26,59,swordfish,33,22,1,0,1,0,1,0,1
extreme,675,26,58,skyscraper,40,15,1,1,0,0,1,0,0
extreme,676,28,54,skyscraper,37,16,0,0,0,0,1,0,0
extreme,677,30,56,skyscraper,45,6,2,2,0,0,1,0,0
extreme,678,27,61,skyscraper,43,11,4,1,1,0,1,0,0
extreme,679,26,57,skyscraper,46,9,1,0,0,0,1,0,0
extreme,680,28,61,skyscraper,39,14,6,0,1,0,1,0,0
extreme,681,28,60,skyscraper,29,24,5,1,0,0,1,0,0
extreme,682,28,57,skyscraper,32,21,2,1,0,0,1,0,0
extreme,683,26,60,xWing,37,18,2,1,0,0,1,1,0
extreme,684,28,59,skyscraper,35,18,3,2,0,0,1,0,0
extreme,685,26,56,skyscraper,39,16,0,0,0,0,1,0,0
extreme,686,26,69,skyscraper,47,8,9,3,0,1,1,0,0
extreme,687,29,54,skyscraper,27,25,1,0,0,0,1,0,0
extreme,688,28,55,skyscraper,44,9,1,0,0,0,1,0,0
extreme,689,28,54,skyscraper,36,17,0,0,0,0,1,0,0
extreme,690,28,56,skyscraper,39,14,0,2,0,0,1,0,0
extreme,691,28,63,skyscraper,43,10,4,2,1,2,1,0,0
extreme,692,27,60,skyscraper,44,10,5,0,0,0,1,0,0
extreme,693,30,52,skyscraper,32,19,0,0,0,0,1,0,0
extreme,694,32,54,skyscraper,44,5,2,0,2,0,1,0,0
extreme,695,28,57,skyscraper,46,7,3,0,0,0,1,0,0
extreme,696,28,56,xWing,35,18,0,1,0,0,1,1,0
extreme,697,32,51,xWing,35,14,1,0,0,0,0,1,0
extreme,698,25,64,skyscraper,43,13,6,1,0,0,1,0,0
extreme,699,28,64,skyscraper,42,11,5,4,1,0,1,0,0
extreme,700,26,58,skyscraper,49,6,1,1,0,0,1,0,0
extreme,701,28,56,skyscraper,39,14,2,0,0,0,1,0,0
extreme,702,27,63,xWing,43,11,6,1,0,0,1,1,0
extreme,703,28,57,skyscraper,35,18,1,2,0,0,1,0,0
extreme,704,28,54,skyscraper,36,17,0,0,0,0,1,0,0
extreme,705,29,55,xWing,35,17,2,0,0,0,0,1,0
extreme,706,26,65,skyscraper,35,20,7,2,0,0,1,0,0
extreme,707,28,59,xWing,36,17,4,0,0,0,0,2,0
extreme,708,27,63,skyscraper,41,13,4,2,1,0,2,0,0
extreme,709,28,59,skyscraper,49,4,4,1,0,0,1,0,0
extreme,710,28,55,skyscraper,44,9,0,1,0,0,1,0,0
extreme,711,28,54,skyscraper,37,16,0,0,0,0,1,0,0
extreme,712,27,58,skyscraper,43,11,1,2,0,0,1,0,0
extreme,713,28,56,skyscraper,44,9,1,0,0,1,1,0,0
extreme,714,26,62,skyscraper,42,13,5,1,0,0,1,0,0
extreme,715,30,52,skyscraper,47,4,0,0,0,0,1,0,0
extreme,716,28,60,xWing,44,9,4,2,0,0,0,1,0
extreme,717,30,52,skyscraper,32,19,0,0,0,0,1,0,0
extreme,718,28,55,skyscraper,35,18,0,1,0,0,1,0,0
extreme,719,30,55,skyscraper,34,17,2,0,0,1,1,0,0
extreme,720,29,55,skyscraper,38,14,1,1,0,0,1,0,0
extreme,721,28,59,skyscraper,39,14,3,1,0,0,2,0,0
extreme,722,30,62,xWing,41,10,6,2,2,0,0,1,0
extreme,723,30,52,skyscraper,36,15,0,0,0,0,1,0,0
extreme,724,34,53,skyscraper,36,11,4,0,1,0,1,0,0
extreme,725,28,59,skyscraper,34,19,5,0,0,0,1,0,0
extreme,726,28,60,swordfish,36,17,4,1,0,0,1,0,1
extreme,727,28,59,skyscraper,38,15,4,1,0,0,1,0,0
extreme,728,26,57,skyscraper,35,20,1,0,0,0,1,0,0
extreme,729,28,54,skyscraper,31,22,0,0,0,0,1,0,0
extreme,730,29,57,skyscraper,43,9,4,0,0,0,1,0,0
extreme,731,30,56,xWing,27,24,3,0,0,0,1,1,0
extreme,732,24,61,skyscraper,40,17,2,1,0,0,1,0,0
extreme,733,24,65,skyscraper,34,23,5,2,0,0,1,0,0
extreme,734,28,60,skyscraper,41,12,4,1,1,0,1,0,0
extreme,735,24,69,swordfish,50,7,6,2,2,0,1,0,1
extreme,736,28,57,skyscraper,30,23,3,0,0,0,1,0,0
extreme,737,26,57,xWing,27,28,0,0,0,0,1,1,0
extreme,738,30,54,skyscraper,37,14,1,0,0,0,2,0,0
extreme,739,27,63,skyscraper,44,10,5,3,0,0,1,0,0
extreme,740,28,55,skyscraper,42,11,1,0,0,0,1,0,0
extreme,741,28,58,xWing,42,11,1,0,1,0,2,1,0
extreme,742,30,53,xWing,39,12,0,0,0,0,1,1,0
extreme,743,26,57,skyscraper,43,12,1,0,0,0,1,0,0
extreme,744,30,54,skyscraper,46,5,0,2,0,0,1,0,0
extreme,745,27,57,xWing,38,16,1,0,0,0,1,1,0
extreme,746,28,60,xWing,31,22,1,4,0,0,1,1,0
extreme,747,26,58,skyscraper,29,26,1,0,0,0,2,0,0
extreme,748,28,62,skyscraper,47,6,7,0,1,0,1,0,0
extreme,749,28,59,skyscraper,36,17,2,3,0,0,1,0,0
extreme,750,28,57,xWing,41,12,1,1,0,0,1,1,0
extreme,751,32,57,xWing,38,11,3,2,1,0,1,1,0
extreme,752,26,57,skyscraper,41,14,1,0,0,0,1,0,0
extreme,753,25,57,skyscraper,42,14,0,0,0,0,1,0,0
extreme,754,32,54,skyscraper,36,13,2,2,0,0,1,0,0
extreme,755,28,58,skyscraper,48,5,2,1,1,0,1,0,0
extreme,756,30,56,skyscraper,31,20,4,0,0,0,1,0,0
extreme,757,26,56,skyscraper,36,19,0,0,0,0,1,0,0
extreme,758,28,54,skyscraper,31,22,0,0,0,0,1,0,0
extreme,759,30,53,skyscraper,38,13,1,0,0,0,1,0,0
extreme,760,28,57,skyscraper,41,12,2,1,0,0,1,0,0
extreme,761,27,56,skyscraper,35,19,0,0,0,0,2,0,0
extreme,762,28,56,swordfish,27,26,1,0,0,0,1,0,1
extreme,763,28,55,skyscraper,41,12,0,1,0,0,1,0,0
extreme,764,27,55,skyscraper,28,26,0,0,0,0,1,0,0
extreme,765,30,55,swordfish,42,9,1,1,0,0,0,1,1
extreme,766,26,58,skyscraper,44,11,1,1,0,0,1,0,0
extreme,767,26,57,skyscraper,28,27,1,0,0,0,1,0,0
extreme,768,28,54,skyscraper,40,13,0,0,0,0,1,0,0
extreme,769,28,56,skyscraper,47,6,2,0,0,0,1,0,0
extreme,770,30,56,skyscraper,45,6,2,2,0,0,1,0,0
extreme,771,26,62,skyscraper,35,20,4,2,0,0,1,0,0
extreme,772,28,65,skyscraper,39,14,8,0,2,1,1,0,0
extreme,773,24,61,skyscraper,34,23,3,0,0,0,1,0,0
extreme,774,26,60,skyscraper,29,26,3,1,0,0,1,0,0
extreme,775,27,60,skyscraper,38,16,3,1,0,1,1,0,0
extreme,776,26,62,skyscraper,40,15,5,0,1,0,1,0,0
extreme,777,32,52,skyscraper,35,14,2,0,0,0,1,0,0
extreme,778,32,52,skyscraper,41,8,1,1,0,0,1,0,0
extreme,779,28,58,skyscraper,42,11,3,0,1,0,1,0,0
extreme,780,28,57,skyscraper,31,22,2,1,0,0,1,0,0
extreme,781,26,56,skyscraper,45,10,0,0,0,0,1,0,0
extreme,782,28,55,skyscraper,36,17,1,0,0,0,1,0,0
extreme,783,28,59,xWing,41,12,2,1,0,0,2,1,0
extreme,784,26,59,skyscraper,42,13,2,0,1,0,1,0,0
extreme,785,29,58,skyscraper,36,16,4,1,0,0,1,0,0
extreme,786,28,55,xWing,30,23,0,0,0,0,1,1,0
extreme,787,30,52,skyscraper,38,13,0,0,0,0,1,0,0
extreme,788,28,57,xWing,34,19,2,0,0,0,1,1,0
extreme,789,30,57,skyscraper,37,14,3,1,0,0,2,0,0
extreme,790,28,57,skyscraper,31,22,3,0,0,0,1,0,0
extreme,791,31,54,swordfish,36,14,1,1,0,0,1,0,1
extreme,792,32,51,skyscraper,32,17,1,0,0,0,1,0,0
extreme,793,28,54,skyscraper,45,8,0,0,0,0,1,0,0
extreme,794,26,56,skyscraper,36,19,0,0,0,0,1,0,0
extreme,795,26,56,skyscraper,37,18,0,0,0,0,1,0,0
extreme,796,28,54,skyscraper,43,10,0,0,0,0,1,0,0
extreme,797,30,55,skyscraper,35,16,3,0,0,0,1,0,0
extreme,798,30,52,skyscraper,35,16,0,0,0,0,1,0,0
extreme,799,26,64,skyscraper,37,18,7,1,0,0,1,0,0
extreme,800,32,50,skyscraper,35,14,0,0,0,0,1,0,0
extreme,801,26,57,skyscraper,46,9,1,0,0,0,1,0,0
extreme,802,30,58,skyscraper,39,12,4,1,1,0,1,0,0
extreme,803,28,57,skyscraper,41,12,2,1,0,0,1,0,0
extreme,804,27,58,skyscraper,36,18,3,0,0,0,1,0,0
extreme,805,28,61,skyscraper,40,13,5,0,2,0,1,0,0
extreme,806,28,60,xWing,37,16,3,2,0,0,1,1,0
extreme,807,32,51,xWing,37,12,0,0,0,0,1,1,0
extreme,808,29,53,skyscraper,47,5,0,0,0,0,1,0,0
extreme,809,28,56,skyscraper,39,14,1,1,0,0,1,0,0
extreme,810,28,54,skyscraper,45,8,0,0,0,0,1,0,0
extreme,811,27,55,skyscraper,40,14,0,0,0,0,1,0,0
extreme,812,28,56,xWing,35,18,2,0,0,0,0,1,0
extreme,813,26,58,skyscraper,37,18,1,0,1,0,1,0,0
extreme,814,31,55,skyscraper,39,11,2,1,1,0,1,0,0
extreme,815,32,58,xWing,34,15,5,0,2,0,1,1,0
extreme,816,30,56,skyscraper,38,13,3,0,0,0,2,0,0
extreme,817,26,65,skyscraper,40,15,4,4,1,0,1,0,0
extreme,818,29,53,skyscraper,48,4,0,0,0,0,1,0,0
extreme,819,32,55,skyscraper,44,5,3,1,1,0,1,0,0
extreme,820,28,58,skyscraper,34,19,3,0,1,0,1,0,0
extreme,821,28,58,skyscraper,39,14,3,1,0,0,1,0,0
extreme,822,32,51,swordfish,46,3,0,0,0,0,0,1,1
extreme,823,33,54,skyscraper,39,9,3,2,0,0,1,0,0
extreme,824,28,54,skyscraper,26,27,0,0,0,0,1,0,0
extreme,825,30,54,xWing,41,10,1,0,0,0,1,1,0
extreme,826,30,54,xWing,41,10,0,1,0,0,1,1,0
extreme,827,26,57,skyscraper,41,14,1,0,0,0,1,0,0
extreme,828,28,55,xWing,33,20,0,0,0,0,1,1,0
extreme,829,28,60,skyscraper,36,17,5,1,0,0,1,0,0
extreme,830,26,61,skyscraper,41,14,3,1,1,0,1,0,0
extreme,831,30,58,skyscraper,33,18,6,0,0,0,1,0,0
extreme,832,28,60,xWing,44,9,4,0,1,0,1,1,0
extreme,833,24,67,skyscraper,39,18,6,0,3,0,1,0,0
extreme,834,27,57,skyscraper,38,16,0,1,1,0,1,0,0
extreme,835,30,53,skyscraper,35,16,1,0,0,0,1,0,0
extreme,836,26,60,skyscraper,33,22,3,1,0,0,1,0,0
extreme,837,28,59,skyscraper,42,11,4,1,0,0,1,0,0
extreme,838,26,62,skyscraper,39,16,3,1,1,1,1,0,0
extreme,839,28,60,skyscraper,33,20,3,2,0,0,2,0,0
extreme,840,28,54,skyscraper,40,13,0,0,0,0,1,0,0
extreme,841,29,55,xWing,30,22,1,0,0,0,1,1,0
extreme,842,28,60,skyscraper,29,24,3,0,0,0,4,0,0
extreme,843,32,53,xWing,38,11,0,0,1,0,2,1,0
extreme,844,26,59,skyscraper,40,15,2,1,0,0,1,0,0
extreme,845,29,58,skyscraper,40,12,3,1,1,0,1,0,0
extreme,846,24,59,skyscraper,34,23,1,0,0,0,1,0,0
extreme,847,27,55,skyscraper,36,18,0,0,0,0,1,0,0
extreme,848,28,54,skyscraper,42,11,0,0,0,0,1,0,0
extreme,849,27,57,skyscraper,31,23,1,0,1,0,1,0,0
extreme,850,28,56,xWing,43,10,0,1,0,0,1,1,0
extreme,851,26,56,skyscraper,34,21,0,0,0,0,1,0,0
extreme,852,26,65,xWing,31,24,7,0,0,0,2,1,0
extreme,853,28,59,skyscraper,43,10,3,1,1,0,1,0,0
extreme,854,26,56,skyscraper,33,22,0,0,0,0,1,0,0
extreme,855,26,57,skyscraper,37,18,1,0,0,0,1,0,0
extreme,856,29,56,skyscraper,31,21,1,1,0,0,2,0,0
extreme,857,28,57,xWing,32,21,2,0,0,0,1,1,0
extreme,858,32,51,xWing,33,16,0,0,0,0,1,1,0
extreme,859,30,56,xWing,41,10,4,0,0,0,0,1,0
extreme,860,28,58,xWing,39,14,1,1,0,1,1,1,0
extreme,861,28,55,skyscraper,36,17,1,0,0,0,1,0,0
extreme,862,26,64,skyscraper,44,11,7,0,1,0,1,0,0
extreme,863,28,55,skyscraper,32,21,0,1,0,0,1,0,0
extreme,864,25,60,skyscraper,40,16,2,0,1,0,1,0,0
extreme,865,26,59,skyscraper,46,9,2,1,0,0,1,0,0
extreme,866,32,50,skyscraper,36,13,0,0,0,0,1,0,0
extreme,867,28,57,skyscraper,29,24,3,0,0,0,1,0,0
extreme,868,28,56,xWing,34,19,1,0,0,0,1,1,0
extreme,869,28,58,xWing,30,23,2,0,0,0,2,1,0
extreme,870,27,55,skyscraper,34,20,0,0,0,0,1,0,0
extreme,871,30,53,skyscraper,39,12,0,0,1,0,1,0,0
extreme,872,30,54,skyscraper,40,11,1,1,0,0,1,0,0
extreme,873,28,58,skyscraper,41,12,2,0,2,0,1,0,0
extreme,874,26,62,skyscraper,49,6,2,3,0,1,1,0,0
extreme,875,29,56,skyscraper,38,14,3,0,0,0,1,0,0
extreme,876,28,59,skyscraper,33,20,3,1,0,0,2,0,0
extreme,877,28,54,skyscraper,38,15,0,0,0,0,1,0,0
extreme,878,26,57,xWing,36,19,0,0,0,0,1,1,0
extreme,879,28,59,skyscraper,46,7,3,1,0,0,2,0,0
extreme,880,29,55,skyscraper,34,18,1,0,0,0,2,0,0
extreme,881,28,57,skyscraper,46,7,2,1,0,0,1,0,0
extreme,882,30,58,skyscraper,39,12,3,1,0,0,3,0,0
extreme,883,28,55,skyscraper,42,11,1,0,0,0,1,0,0
extreme,884,26,60,skyscraper,33,22,4,0,0,0,1,0,0
extreme,885,26,60,skyscraper,48,7,3,0,1,0,1,0,0
extreme,886,27,61,skyscraper,35,19,5,1,0,0,1,0,0
extreme,887,26,61,swordfish,38,17,5,0,0,0,0,0,1
extreme,888,29,59,skyscraper,33,19,6,0,0,0,1,0,0
extreme,889,28,56,skyscraper,35,18,0,2,0,0,1,0,0
extreme,890,26,65,skyscraper,40,15,6,0,3,0,1,0,0
extreme,891,30,59,skyscraper,44,7,5,0,2,0,1,0,0
extreme,892,26,61,skyscraper,41,14,3,0,2,0,1,0,0
extreme,893,28,63,xWing,41,12,6,2,0,0,1,1,0
extreme,894,28,57,skyscraper,48,5,0,3,0,0,1,0,0
extreme,895,24,58,skyscraper,33,24,0,0,0,0,1,0,0
extreme,896,31,52,xWing,45,5,0,0,0,0,1,1,0
extreme,897,28,56,skyscraper,35,18,2,0,0,0,1,0,0
extreme,898,26,64,xWing,35,20,5,2,0,0,1,1,0
extreme,899,32,54,skyscraper,36,13,2,0,2,0,1,0,0
extreme,900,26,67,skyscraper,47,8,6,4,1,0,1,0,0
extreme,901,28,60,xWing,44,9,3,0,2,0,1,1,0
extreme,902,28,63,xWing,44,9,4,3,1,0,1,1,0
extreme,903,28,60,skyscraper,36,17,5,1,0,0,1,0,0
extreme,904,30,53,xWing,39,12,0,0,0,0,1,1,0
extreme,905,29,55,skyscraper,35,17,2,0,0,0,1,0,0
extreme,906,29,56,xWing,31,21,2,0,0,0,1,1,0
extreme,907,27,61,skyscraper,47,7,1,3,2,0,1,0,0
extreme,908,28,55,skyscraper,37,16,1,0,0,0,1,0,0
extreme,909,28,59,skyscraper,46,7,3,0,1,1,1,0,0
extreme,910,26,59,skyscraper,37,18,1,1,0,0,2,0,0
extreme,911,28,57,skyscraper,39,14,2,0,0,0,2,0,0
extreme,912,28,64,skyscraper,38,15,9,1,0,0,1,0,0
extreme,913,26,60,skyscraper,44,11,3,1,0,0,1,0,0
extreme,914,26,56,skyscraper,44,11,0,0,0,0,1,0,0
extreme,915,28,57,skyscraper,46,7,2,1,0,0,1,0,0
extreme,916,28,55,skyscraper,43,10,1,0,0,0,1,0,0
extreme,917,28,54,skyscraper,36,17,0,0,0,0,1,0,0
extreme,918,26,58,skyscraper,47,8,1,1,0,0,1,0,0
extreme,919,28,58,skyscraper,36,17,4,0,0,0,1,0,0
extreme,920,28,54,skyscraper,28,25,0,0,0,0,1,0,0
extreme,921,30,55,skyscraper,41,10,1,1,1,0,1,0,0
extreme,922,28,55,skyscraper,32,21,0,1,0,0,1,0,0
extreme,923,26,59,xWing,34,21,1,1,0,0,1,1,0
extreme,924,26,57,skyscraper,49,6,0,0,1,0,1,0,0
extreme,925,29,56,skyscraper,39,13,0,0,1,0,3,0,0
extreme,926,30,56,swordfish,42,9,2,0,1,0,1,0,1
extreme,927,28,62,xWing,36,17,6,1,0,0,1,1,0
extreme,928,29,54,skyscraper,45,7,1,0,0,0,1,0,0
extreme,929,28,55,skyscraper,27,26,1,0,0,0,1,0,0
extreme,930,28,55,skyscraper,36,17,0,0,0,0,2,0,0
extreme,931,30,53,skyscraper,43,8,0,0,1,0,1,0,0
extreme,932,27,60,skyscraper,35,19,3,2,0,0,1,0,0
extreme,933,28,56,xWing,40,13,0,1,0,0,1,1,0
extreme,934,26,63,skyscraper,47,8,6,1,0,0,1,0,0
extreme,935,25,69,swordfish,37,19,8,1,1,0,2,0,1
extreme,936,28,57,skyscraper,31,22,3,0,0,0,1,0,0
extreme,937,28,56,skyscraper,41,12,2,0,0,0,1,0,0
extreme,938,31,53,xWing,40,10,0,1,0,0,1,1,0
extreme,939,26,63,skyscraper,36,19,4,1,1,0,2,0,0
extreme,940,28,58,skyscraper,36,17,4,0,0,0,1,0,0
extreme,941,28,54,skyscraper,34,19,0,0,0,0,1,0,0
extreme,942,28,55,swordfish,36,17,0,0,0,0,1,0,1
extreme,943,30,54,xWing,31,20,0,1,0,0,1,1,0
extreme,944,26,60,skyscraper,37,18,1,1,0,1,2,0,0
extreme,945,28,56,skyscraper,40,13,2,0,0,0,1,0,0
extreme,946,26,61,skyscraper,39,16,3,2,0,0,1,0,0
extreme,947,26,63,skyscraper,42,13,4,2,1,0,1,0,0
extreme,948,30,54,skyscraper,40,11,0,1,1,0,1,0,0
extreme,949,32,52,swordfish,35,14,1,0,0,0,1,0,1
extreme,950,28,55,skyscraper,36,17,1,0,0,0,1,0,0
extreme,951,26,59,skyscraper,43,12,3,0,0,0,1,0,0
extreme,952,29,58,skyscraper,41,11,4,0,0,0,2,0,0
extreme,953,26,63,xWing,43,12,5,1,1,0,0,1,0
extreme,954,28,60,skyscraper,38,15,5,1,0,0,1,0,0
extreme,955,27,57,skyscraper,37,17,2,0,0,0,1,0,0
extreme,956,32,54,skyscraper,31,18,4,0,0,0,1,0,0
extreme,957,26,59,skyscraper,37,18,2,1,0,0,1,0,0
extreme,958,28,57,xWing,38,15,0,2,0,0,1,1,0
extreme,959,28,56,skyscraper,40,13,1,1,0,0,1,0,0
extreme,960,28,57,skyscraper,34,19,2,0,0,0,2,0,0
extreme,961,27,57,skyscraper,27,27,2,0,0,0,1,0,0
extreme,962,28,68,xWing,44,9,9,2,1,0,2,1,0
extreme,963,26,56,skyscraper,48,7,0,0,0,0,1,0,0
extreme,964,28,56,skyscraper,40,13,2,0,0,0,1,0,0
extreme,965,28,61,skyscraper,43,10,5,2,0,0,1,0,0
extreme,966,30,53,xWing,38,13,1,0,0,0,0,1,0
extreme,967,24,62,xWing,47,10,1,0,2,0,1,1,0
extreme,968,28,56,xWing,31,22,1,0,0,0,1,1,0
extreme,969,28,58,skyscraper,35,18,3,1,0,0,1,0,0
extreme,970,28,57,skyscraper,45,8,2,1,0,0,1,0,0
extreme,971,26,69,skyscraper,45,10,9,3,0,1,1,0,0
extreme,972,28,56,skyscraper,27,26,2,0,0,0,1,0,0
extreme,973,26,61,skyscraper,44,11,3,1,1,0,1,0,0
extreme,974,28,60,skyscraper,34,19,3,2,0,0,2,0,0
extreme,975,31,52,skyscraper,36,14,0,0,1,0,1,0,0
extreme,976,25,61,skyscraper,38,18,3,1,0,0,1,0,0
extreme,977,30,57,skyscraper,42,9,4,0,1,0,1,0,0
extreme,978,27,56,skyscraper,37,17,1,0,0,0,1,0,0
extreme,979,26,61,skyscraper,36,19,2,2,1,0,1,0,0
extreme,980,28,56,skyscraper,45,8,0,1,1,0,1,0,0
extreme,981,27,64,skyscraper,40,14,7,2,0,0,1,0,0
extreme,982,27,61,skyscraper,39,15,3,1,1,1,1,0,0
extreme,983,26,58,skyscraper,34,21,1,0,0,0,2,0,0
extreme,984,30,58,swordfish,35,16,3,2,0,0,1,0,1
extreme,985,28,54,skyscraper,45,8,0,0,0,0,1,0,0
extreme,986,28,56,xWing,31,22,0,1,0,0,1,1,0
extreme,987,26,60,skyscraper,36,19,2,2,0,0,1,0,0
extreme,988,30,52,skyscraper,39,12,0,0,0,0,1,0,0
extreme,989,28,59,skyscraper,32,21,3,2,0,0,1,0,0
extreme,990,28,55,skyscraper,40,13,1,0,0,0,1,0,0
extreme,991,26,58,skyscraper,44,11,2,0,0,0,1,0,0
extreme,992,28,58,skyscraper,35,18,2,2,0,0,1,0,0
extreme,993,29,56,skyscraper,40,12,2,0,1,0,1,0,0
extreme,994,30,53,skyscraper,44,7,1,0,0,0,1,0,0
extreme,995,27,60,skyscraper,35,19,4,0,0,1,1,0,0
extreme,996,28,55,xWing,30,23,0,0,0,0,1,1,0
extreme,997,28,60,skyscraper,32,21,6,0,0,0,1,0,0
extreme,998,28,54,skyscraper,26,27,0,0,0,0,1,0,0
extreme,999,28,55,skyscraper,43,10,1,0,0,0,1,0,0
extreme,1000,26,60,skyscraper,33,22,2,2,0,0,1,0,0
